Workbook

Sheet Metadata
B2: United States Department of the Interior
B3: U.S. Fish and Wildlife Service | E3: Report prepared for:
B4: Red Bluff Fish and Wildlife Office
B5: 10950 Tyler Road | E5: Customer: | F5: United States Bureau of Reclamation
B6: Red Bluff, CA 96080 | F6: Mid-Pacific Regional Office
E7: Customer Address: | F7: 2800 Cottage Way
B8: https://www.fws.gov/redbluff/ | E8: Customer City, State, Zip: | F8: Sacramento, CA 95825-1898
E9: Customer Phone: | F9: 916.978.4315
B10: Prepared by: | E10: Customer Email:
B11: Mike Schraml: 530.527.3043 / mike_schraml@fws.gov
A15: Table of Contents
A16: Metadata
A17: Contact Information
A18: Summary
A19: Use Limitations
A20: References
A21: Worksheet Descriptions
A22: Data Descriptions
A23: UCC CHN 23-24 worksheet
A24: LCC CHN 23-24 worksheet
A25: LCC RBT 23-24 worksheet
A26: LCC with UCC Fish worksheet
... A34: LCC Tables & Figures
A36: Summary: | B36: The data was collected by the U.S. Fish and Wildlife Service's, Red Bluff Fish and Wildlife Office's, Battle Creek Monitoring Program. The data encompasses the brood year (BY) 2017 and 2018 mark-recapture (M-R) data collected on Clear Creek, California, from December 7, 2017, through March 21, 2018, and December 27, 2016, through January 31, 2017. The catch data was collected using at 5-ft diameter rotary screw traps located at river mile 1.7, 40.506159N latitude, -122.396079W Longitude (lower Clear Creek, LCC) and at river mile 8.4, 40.491850N latitude, -122.496572W Longitude (decimal upper Clear Creek, UCC).
A37: Use Limitations: | B37: FWS assumes no liability for the improper or incorrect use of these data. These data are intended for the use of Clear Creek monitoring. The final data can be found in our monitoring reports at http://www.fws.gov/redbluff/cvpia.aspx.
A38: References: | B38: Bailey, N. T. J. 1951. On Estimating the Size of Mobile Populations from Recapture Data. Biometrika 38(3):293-306.
B39: Buckland, S. T., and P. H. Garthwaite. 1991. Quantifying Precision of Mark-Recapture Estimates Using the Bootstrap and Related Methods. Biometrics 47(1):255-268.
B40: Carlson, S. R., L. G. Coggins Jr, and C. O. Swanton. 1998. A simple stratified design for mark-recapture estimation of salmon smolt abundance. Alaska Fishery Research Bulletin 5(2):88-102.
B41: Thedinga, J. F., M. L. Murphy, S. W. Johnson, J. M. Lorenz, and K. V. Koski. 1994. Determination of salmonid smolt yield with rotary-screw traps in the Situk River, Alaska, to predict effects of glacial flooding. North American Journal of Fisheries Management 14(4):837-851.
A42: Return to Table of Contents
A43: Excel Worksheet Name | B43: Worksheet Description
A44: UCC CHN 23-24 | B44: This worksheet contains the M-R trial data and results obtained during the brood year 2018 spring-run Chinook Salmon sampling season conducted at the UCC trap during the December 27, 2016, through January 31, 2017, time period. The Bailey's efficiency calculated on this worksheet is used to generate the passage indices (estimated) for the annual report.
A45: LCC CHN 23-24 | B45: This worksheet contains the M-R trial data and results obtained during the brood year 2018 Chinook Salmon sampling season conducted at the LCC trap during the December 27, 2016, through January 31, 2017, time period. The Bailey's efficiency calculated on this worksheet is used to generate the passage indices (estimated) for the annual report.
A46: LCC RBT 23-24 | B46: This worksheet contains the M-R trial data and results obtained during the brood year 2018 Rainbow Trout/steelhead sampling season conducted at the LCC trap during the December 27, 2016, through January 31, 2017, time period.
A47: LCC with UCC Fish | B47: This worksheet contains the M-R trial data and results obtained during the brood year 2018 spring-run Chinook Salmon sampling season conducted at the UCC trap during the December 27, 2016, through January 31, 2017, time period. It represents the number of marked fish released upstream of the UCC trap and recaptured in the LCC trap.
A48: UCC Tables & Figures | B48: This worksheet contains the table and figures presented in the report.
A49: LCC Tables & Figures | B49: This worksheet contains the table and figures presented in the report.
A50: Data Descriptions
A51: UCC CHN 23-24 worksheet | B51: Column Name | C51: Column | D51: Data Description | K51: Unit | L51: Spreadsheet Origin | M51: Worksheet Origin
A52: Return to Table of Contents | B52: Trial | C52: A | D52: The trial number for BY 2018 Chinook Salmon M-R sampling at the UCC trap. | K52: N/A | L52: N/A | M52: N/A
B53: Mark date | C53: B | D53: The date the fish were marked for the M-R study conducted on the Release date. | K53: N/A | L53: N/A | M53: N/A
B54: Release date | C54: C | D54: The date the fish were released for the M-R study. | K54: N/A | L54: N/A | M54: N/A
B55: Days held | C55: D | D55: The number of days the fish were held in live-cars before being released. | K55: days | L55: N/A | M55: N/A
B56: Number held | D56: The total number of fish held for the trial. | K56: number of fish
B57: Number marked | C57: E | D57: The combined number of all mark types of fish marked for the M-R study. | K57: number of fish | L57: N/A | M57: N/A
B58: Number released | C58: F | D58: The combined number of all mark types of fish released for the M-R study. The total marked fish minus fish injured or killed during the marking process. | K58: number of fish | L58: N/A | M58: N/A
B59: Pre-mark mortalities | C59: G | D59: The number of fish that died as a result of being kept in the live-car before the marking process. | K59: number of fish
B60: Marking mortalities | C60: H | D60: The number of fish that died during the marking process. | K60: number of fish
B61: Post-mark mortalities | C61: I | D61: The number of fish that died as a result of the release counting process or being retained in the live-car after the marking process. | K61: number of fish | L61: N/A | M61: N/A
B62: Predation / Trap mortalities | C62: J | D62: The number of fish recaptured that were found dead in the live-box of the rotary screw trap. | K62: number of fish | L62: N/A | M62: N/A
B63: Total mortalities | D63: The total number of mortalities related to the trial. | K63: number of fish
B64: Percent mortality | C64: K | D64: The percent of total marked fish that died because of the marking and releasing process. | K64: percent | L64: Current | M64: Calculation
B65: Number caught day1 | C65: L | D65: The total number of marked fish recaptured on the first day following the release. | K65: number of fish | L65: N/A | M65: N/A
B66: Percent caught day1 | C66: M | D66: The percent of total released fish that were recaptured on the first day following the release. | K66: percent | L66: Current | M66: Calculation
B67: Number caught day2 | C67: N | D67: The total number of marked fish recaptured on the second day following the release. | K67: number of fish | L67: N/A | M67: N/A
B68: Percent caught day2 | C68: O | D68: The percent of total released fish that were recaptured on the second day following the release. | K68: percent | L68: Current | M68: Calculation
B69: Number caught day3 | C69: P | D69: The total number of marked fish recaptured on the third day following the release. | K69: number of fish | L69: N/A | M69: N/A
B70: Percent caught day3 | C70: Q | D70: The percent of total released fish that were recaptured on the third day following the release. | K70: percent | L70: Current | M70: Calculation
B71: Number caught day4 | C71: R | D71: The total number of marked fish recaptured on the fourth day following the release. | K71: number of fish | L71: N/A | M71: N/A
B72: Percent caught day4 | C72: S | D72: The percent of total released fish that were recaptured on the fourth day following the release. | K72: percent | L72: Current | M72: Calculation
B73: Total live recaptures | C73: T | D73: The total number of marked live fish of all mark types recaptured for that M-R trial. | K73: number of fish | L73: N/A | M73: N/A
B74: Total mortalities recaptured | C74: U | D74: The total number of marked dead fish of all mark types recaptured for that M-R trial. | K74: percent | L74: Current | M74: Calculation
B75: Total recaptured | C75: V | D75: The total number of marked fish of all mark types recaptured for that M-R trial. | K75: mean | L75: Current | M75: Calculation
B76: Bailey's efficiency | C76: W | D76: Bailey's efficiency (total number of recaptured +1) / (total number of released +1).
B77: Race and origin | C77: X | D77: The race (run) of Chinook Salmon used for the M-R trial and where they were obtained. CNFH = Coleman National Fish hatchery
B78: Mark type | C78: AA | D78: The type of mark applied to the released fish. All fish were marked with Bismarck brown dye, upper clip = an upper caudal fin clip, lower clip = an lower caudal fin clip, no clip = no fin was clipped. | K78: N/A | L78: N/A | M78: N/A
B79: Mark date | C79: AB | D79: The date the fish were marked for the M-R study conducted on the Release date. | K79: N/A | L79: N/A
B80: Release date | C80: AC | D80: The date the fish were released for the M-R study. | K80: N/A | L80: N/A | M80: N/A
B81: Days held | C81: AD | D81: The number of days the fish were held in live-cars before being released. | K81: days | L81: N/A | M81: N/A
B82: Number marked | C82: AE | D82: The number of indicted mark type marked for the M-R study. | K82: number of fish | L82: N/A | M82: N/A
B83: Number released | C83: AF | D83: The number of indicated mark type of fish released for the M-R study. The total marked fish minus fish injured or killed during the marking process. | K83: number of fish | L83: N/A | M83: N/A
B84: Pre-mark mortalities | C84: AG | D84: The number of indicated mark type of fish that died as a result of the marking process. | K84: number of fish | L84: N/A | M84: N/A
B85: Marking mortalities | C85: AH | D85: The percent of total marked fish that died because of the marking process for the indicated mark type. | K85: percent | L85: Current | M85: Calculation
B86: Post-mark mortalities | C86: AI | D86: The total number of marked fish recaptured on the first day following the release for the indicated mark type. | K86: number of fish | L86: N/A | M86: N/A
B87: Percent mortality | C87: AJ | D87: The percent of indicted mark type that died because of the marking and releasing process. | K87: percent | L87: Current | M87: Calculation
B88: Number live caught day1 | C88: AK | D88: The number of live fish of the indicated mark type that were captured the 1st day after the release. | K88: number of fish | L88: N/A | M88: N/A
B89: Number mortalities caught day1 | C89: AL | D89: The number of dead fish of the indicated mark type that were captured the 1st day after the release. | K89: number of fish | L89: N/A | M89: N/A
B90: Percent caught day1 | C90: AM | D90: The percent of released fish of the indicated mark type that were captured the 1st day after the release. | K90: percent | L90: Current | M90: Calculation
B91: Number live caught day2 | C91: AN | D91: The number of live fish of the indicated mark type that were captured the 2nd day after the release. | K91: number of fish | L91: N/A | M91: N/A
... B104: Race and origin | C104: BA | D104: The race (run) of Chinook Salmon used for the M-R trial and where they were obtained. CNFH = Coleman National Fish hatchery | K104: N/A | L104: N/A | M104: N/A
A105: LCC CHN 23-24 worksheet | B105: All Variables | C105: Data Description | K105: Unit | L105: Spreadsheet Origin | M105: Worksheet Origin
A106: Return to Table of Contents | B106: All | D106: Same as above except the data was collected during for trial conducted at the LCC trap. | K106: N/A | L106: N/A | M106: N/A
A107: LCC RBT 23-24 worksheet | B107: All Variables | C107: Data Description
A108: Return to Table of Contents | B108: Trial | C108: A | D108: The trial number for BY 2018 Rainbow Trout/steelhead M-R sampling at the LCC trap. | K108: N/A | L108: N/A | M108: N/A
B109: Mark Date | C109: B | D109: The date the fish were marked for the M-R study conducted on the Release date. | K109: N/A | L109: N/A | M109: N/A
B110: Release Date | C110: C | D110: The date the fish were released for the M-R study. | K110: N/A | L110: N/A | M110: N/A
B111: Days Held | C111: D | D111: The number of days the fish were held in live-cars before being released. | K111: days | L111: N/A | M111: N/A
B112: Number Marked | C112: E | D112: The number of fish marked for the M-R study. | K112: number of fish | L112: N/A | M112: N/A
B113: Number Released | C113: F | D113: The number of fish released for the M-R study. The total marked fish minus fish injured or killed during the marking process. | K113: number of fish | L113: N/A | M113: N/A
B114: Pre Mark Morts | C114: G | D114: The number of fish that died as a result of being kept in the live-car before the marking process. | K114: number of fish | L114: N/A | M114: N/A
B115: Marking Morts | C115: H | D115: The number of fish that died during the marking process. | K115: number of fish | L115: N/A | M115: N/A
B116: Post Mark Morts | C116: I | D116: The number of fish that died as a result of the release counting process or being retained in the live-car after the marking process. | K116: number of fish | L116: N/A | M116: N/A
B117: Predation/Trap Morts | C117: J | D117: The number of fish recaptured that were found dead in the live-box of the rotary screw trap. | K117: number of fish | L117: N/A | M117: N/A
B118: Percent Mortality | C118: K | D118: The percent of total marked fish that died because of the marking and releasing process. | K118: number of fish | L118: N/A | M118: N/A
B119: Number Live Caught Day1 | C119: L | D119: The number of live fish that were captured the 1st day after the release. | K119: number of fish | L119: N/A | M119: N/A
B120: Number Morts Caught Day1 | C120: M | D120: The number of dead fish that were captured the 1st day after the release. | K120: number of fish | L120: N/A | M120: N/A
... B134: Bailey's Efficiency | C134: AA | D134: Bailey's efficiency (total number of recaptured +1) / (total number of released +1). Rounded to 4 digits. | K134: Bailey's Eff. | L134: Current | M134: Calculation
A135: UCC Tables & figures worksheet | B135: All Variables | C135: Data Description | K135: Unit | L135: Spreadsheet Origin | M135: Worksheet Origin
B136: All | C136: A | D136: Same as UCC CHN 23-24 | K136: N/A | L136: N/A | M136: N/A
A137: LCC Tables & figures worksheet | B137: All Variables | C137: Data Description | K137: Unit | L137: Spreadsheet Origin | M137: Worksheet Origin
...

Sheet Issues
A1: Tab | B1: Problem | C1: Noticed by | D1: Date Noticed | E1: Fixed by | F1: Date Fixed | G1: Notes

Sheet UCC CHN 25-26
A1: Upper Clear Creek CHN 2025-2026 | I1: Do not enter data into blue shaded cells | AB1: Upper Clear Creek Chinook Salmon
A2: Trial | B2: Mark date | C2: Release date | D2: Days held | E2: Number held | F2: Number marked | G2: Number released | H2: Pre-mark mortalities | I2: Marking mortalities | J2: Post-mark mortalities | K2: Predation / Trap mortalities | L2: Total mortalities | M2: Percent mortality | N2: Number caught day 1 | O2: Percent caught day 1 | P2: Number caught day 2 | Q2: Percent caught day 2 | R2: Number caught day 3 | S2: Percent caught day 3 | T2: Number caught day 4 | U2: Percent caught day 4 | V2: Total live recaptures | W2: Total recaptured | X2: Bailey's efficiency | Y2: Race | Z2: Origin | AB2: Mark type | AC2: Mark date | AD2: Release date | AE2: Days held | AF2: Number held | AG2: Number marked | AH2: Number released | AI2: Pre-mark mortalities | AJ2: Marking mortalities | AK2: Post-mark mortalities | AL2: Percent mortality | AM2: Number live caught day 1 | AN2: Number mortalities caught day 1 | AO2: Percent caught day 1 | AP2: Number live caught day 2 | AQ2: Number mortalities caught day 2 | AR2: Percent caught day 2 | AS2: Number live caught day 3 | AT2: Number mortalities caught day 3 | AU2: Percent caught day 3 | AV2: Number live caught day 4 | AW2: Number mortalities caught day 4 | AX2: Percent caught day 4 | AY2: Total live recaptured | AZ2: Total mortalities recaptured | BA2: Total recaptured | BB2: Bailey's efficiency | BC2: Race | BD2: Origin
A3: 1 | B3: 45982 | C3: 45983 | D3: 1 | E3: =AF7 -> 74 | F3: =AG7 -> 73 | G3: =AH7 -> 73 | H3: =AI7 -> 1 | I3: =AJ7 -> 0 | J3: =AK7 -> 0 | K3: =AZ7 -> 0 | L3: =SUM(H3:K3) -> 1 | M3: =L3/E3 -> 0.013513514 | N3: =AM7+AN7 -> 10 | O3: =N3/G3 -> 0.1369863 | P3: =SUM(AP7:AQ7) -> 2 | Q3: =P3/G3 -> 0.02739726 | R3: =SUM(AS7:AT7) -> 0 | S3: =R3/G3 -> 0 | T3: =SUM(AV7:AW7) -> 0 | U3: =T3/G3 -> 0 | V3: =AX7 -> 0 | W3: =BA7 -> 12 | X3: =(W3+1)/(G3+1) -> 0.17567568 | Y3: SCS | Z3: U+LCC | AB3: Trial 1
A4: 2 | B4: 45989 | C4: 45990 | D4: 1 | E4: =AF12 -> 506 | F4: =AG12 -> 240 | G4: =AH12 -> 238 | H4: =AI12 -> 2 | I4: =AJ12 -> 0 | J4: =AK12 -> 2 | K4: =AZ12 -> 1 | L4: =SUM(H4:K4) -> 5 | M4: =L4/E4 -> 0.0098814229 | N4: =AM12+AN12 -> 58 | O4: =N4/G4 -> 0.24369748 | P4: =SUM(AO12:AP12) -> 4 | Q4: =P4/G4 -> 0.016806723 | R4: =SUM(AR12:AS12) -> 0 | S4: =R4/G4 -> 0 | T4: =SUM(AU12:AV12) -> 0 | U4: =T4/G4 -> 0 | V4: =AX12 -> 0 | W4: =BA12 -> 62 | X4: =(W4+1)/(G4+1) -> 0.26359833 | Y4: SCS | Z4: U+LCC | AB4: No clip | AL4: =SUM(AI4:AK4)/AG4 -> #DIV/0! | AO4: =SUM(AM4:AN4)/AH4 -> #DIV/0! | AR4: =(AP4+AQ4)/$AH4 -> #DIV/0! | AU4: =(AS4+AT4)/$AH4 -> #DIV/0! | AX4: =(AV4+AW4)/$AH4 -> #DIV/0! | AY4: =SUM(AM4,AP4,AS4,AV4) -> 0 | AZ4: =SUM(AN4,AQ4,AT4,AW4) -> 0 | BA4: =SUM(AY4:AZ4) -> 0 | BB4: =(BA4+1)/(AH4+1) -> 1
A5: 3 | B5: 45993 | C5: 45994 | D5: 1 | E5: =AF17 -> 608 | F5: =AG17 -> 335 | G5: =AH17 -> 335 | H5: =AI17 -> 2 | I5: =AJ17 -> 0 | J5: =AK17 -> 0 | K5: =AZ17 -> 1 | L5: =SUM(H5:K5) -> 3 | M5: =L5/E5 -> 0.0049342105 | N5: =AM17+AN17 -> 76 | O5: =N5/G5 -> 0.22686567 | P5: =SUM(AO17:AP17) -> 3 | Q5: =P5/G5 -> 0.0089552239 | R5: =SUM(AR17:AS17) -> 0 | S5: =R5/G5 -> 0 | T5: =SUM(AU17:AV17) -> 0 | U5: =T5/G5 -> 0 | V5: =AX17 -> 0 | W5: =BA17 -> 80 | X5: =(W5+1)/(G5+1) -> 0.24107143 | Y5: SCS | Z5: UCC | AB5: Lower clip | AL5: =SUM(AI5:AK5)/AG5 -> #DIV/0! | AO5: =SUM(AM5:AN5)/AH5 -> #DIV/0! | AR5: =(AP5+AQ5)/$AH5 -> #DIV/0! | AU5: =(AS5+AT5)/$AH5 -> #DIV/0! | AX5: =(AV5+AW5)/$AH5 -> #DIV/0! | AY5: =SUM(AM5,AP5,AS5,AV5) -> 0 | AZ5: =SUM(AN5,AQ5,AT5,AW5) -> 0 | BA5: =SUM(AY5:AZ5) -> 0 | BB5: =(BA5+1)/(AH5+1) -> 1
A6: 4 | B6: 45996 | C6: 45997 | D6: 1 | E6: =AF22 -> 1030 | F6: =AG22 -> 501 | G6: =AH22 -> 497 | H6: =AI22 -> 3 | I6: =AJ22 -> 1 | J6: =AK22 -> 1 | K6: =AZ22 -> 2 | L6: =SUM(H6:K6) -> 7 | M6: =L6/E6 -> 0.0067961165 | N6: =AL22+AM22 -> 162 | O6: =N6/G6 -> 0.32595573 | P6: =SUM(AO22:AP22) -> 6 | Q6: =P6/G6 -> 0.012072435 | R6: =SUM(AR22:AS22) -> 0 | S6: =R6/G6 -> 0 | T6: =SUM(AU22:AV22) -> 0 | U6: =T6/G6 -> 0 | V6: =AX22 -> 0 | W6: =BA22 -> 170 | X6: =(W6+1)/(G6+1) -> 0.34337349 | Y6: SCS | Z6: U+LCC | AB6: Upper clip | AC6: 45982 | AD6: 45983 | AE6: 1 | AF6: 74 | AG6: 73 | AH6: 73 | AI6: 1 | AJ6: 0 | AL6: =SUM(AI6:AK6)/AG6 -> 0.01369863 | AM6: 10 | AN6: 0 | AO6: =SUM(AM6:AN6)/AH6 -> 0.1369863 | AP6: 2 | AQ6: 0 | AR6: =(AP6+AQ6)/$AH6 -> 0.02739726 | AS6: 0 | AT6: 0 | AU6: =(AS6+AT6)/$AH6 -> 0 | AV6: 0 | AW6: 0 | AX6: =(AV6+AW6)/$AH6 -> 0 | AY6: =SUM(AM6,AP6,AS6,AV6) -> 12 | AZ6: =SUM(AN6,AQ6,AT6,AW6) -> 0 | BA6: =SUM(AY6:AZ6) -> 12 | BB6: =(BA6+1)/(AH6+1) -> 0.17567568 | BC6: SRC | BD6: UCC LCC
A7: 5 | B7: 46000 | C7: 46001 | D7: 1 | E7: =AF27 -> 457 | F7: =AG27 -> 448 | G7: =AH27 -> 447 | H7: =AI27 -> 3 | I7: =AJ27 -> 0 | J7: =AK27 -> 0 | K7: =AZ27 -> 0 | L7: =SUM(H7:K7) -> 3 | M7: =L7/E7 -> 0.0065645514 | N7: =AL27+AM27 -> 136 | O7: =N7/G7 -> 0.30425056 | P7: =SUM(AO27:AP27) -> 11 | Q7: =P7/G7 -> 0.024608501 | R7: =SUM(AR27:AS27) -> 9 | S7: =R7/G7 -> 0.020134228 | T7: =SUM(AU27:AV27) -> 0 | U7: =T7/G7 -> 0 | V7: =AX27 -> 0 | W7: =BA27 -> 156 | X7: =(W7+1)/(G7+1) -> 0.35044643 | Y7: SCS | Z7: U+LCC | AF7: =SUM(AF4:AF6) -> 74 | AG7: =SUM(AG4:AG6) -> 73 | AH7: =SUM(AH4:AH6) -> 73 | AI7: =SUM(AI4:AI6) -> 1 | AJ7: =SUM(AJ4:AJ6) -> 0 | AK7: =SUM(AK4:AK6) -> 0 | AM7: =SUM(AM4:AM6) -> 10 | AN7: =SUM(AN4:AN6) -> 0 | AP7: =SUM(AP4:AP6) -> 2 | AQ7: =SUM(AQ4:AQ6) -> 0 | AS7: =SUM(AS4:AS6) -> 0 | AT7: =SUM(AT4:AT6) -> 0 | AV7: =SUM(AV4:AV6) -> 0 | AW7: =SUM(AW4:AW6) -> 0 | AY7: =SUM(AY4:AY6) -> 12 | AZ7: =SUM(AZ4:AZ6) -> 0 | BA7: =SUM(AY7:AZ7) -> 12 | BB7: =(BA7+1)/(AH7+1) -> 0.17567568
A8: 6 | B8: 46003 | C8: 46004 | D8: 1 | E8: =AF32 -> 439 | F8: =AG32 -> 438 | G8: =AH32 -> 437 | H8: =AI32 -> 0 | I8: =AJ32 -> 0 | J8: =AK32 -> 1 | K8: =AZ32 -> 0 | L8: =SUM(H8:K8) -> 1 | M8: =L8/E8 -> 0.0022779043 | N8: =AL32+AM32 -> 115 | O8: =N8/G8 -> 0.26315789 | P8: =SUM(AO32:AP32) -> 6 | Q8: =P8/G8 -> 0.013729977 | R8: =SUM(AR32:AS32) -> 1 | S8: =R8/G8 -> 0.0022883295 | T8: =SUM(AU32:AV32) -> 0 | U8: =T8/G8 -> 0 | V8: =AX32 -> 0 | W8: =BA32 -> 122 | X8: =(W8+1)/(G8+1) -> 0.28082192 | Y8: SCS | AB8: Trial 2
A9: 7 | B9: 46038 | C9: 46039 | D9: 1 | E9: =AF37 -> 509 | F9: =AG37 -> 504 | G9: =AH37 -> 503 | H9: =AI37 -> 0 | I9: =AJ37 -> 0 | J9: =AK37 -> 0 | K9: =AZ37 -> 2 | L9: =SUM(H9:K9) -> 2 | M9: =L9/E9 -> 0.0039292731 | N9: =AL37+AM37 -> 54 | O9: =N9/G9 -> 0.10735586 | P9: =SUM(AO37:AP37) -> 0 | Q9: =P9/G9 -> 0 | R9: =SUM(AR37:AS37) -> 0 | S9: =R9/G9 -> 0 | T9: =SUM(AU37:AV37) -> 0 | U9: =T9/G9 -> 0 | V9: =AX37 -> 0 | W9: =BA37 -> 56 | X9: =(W9+1)/(G9+1) -> 0.11309524 | Y9: SCS | Z9: LCC | AB9: No clip | AL9: =SUM(AI9:AK9)/AG9 -> #DIV/0! | AO9: =SUM(AM9:AN9)/AH9 -> #DIV/0! | AR9: =(AP9+AQ9)/$AH9 -> #DIV/0! | AU9: =(AS9+AT9)/$AH9 -> #DIV/0! | AX9: =(AV9+AW9)/$AH9 -> #DIV/0! | AY9: =SUM(AM9,AP9,AS9,AV9) -> 0 | AZ9: =SUM(AN9,AQ9,AT9,AW9) -> 0 | BA9: =SUM(AY9:AZ9) -> 0 | BB9: =(BA9+1)/(AH9+1) -> 1
A10: 8 | B10: 46042 | C10: 46043 | D10: 1 | E10: =AF42 -> 545 | F10: =AG42 -> 541 | G10: =AH42 -> 535 | H10: =AI42 -> 0 | I10: =AJ42 -> 0 | J10: =AK42 -> 0 | K10: =AZ42 -> 0 | L10: =SUM(H10:K10) -> 0 | M10: =L10/E10 -> 0 | N10: =AL42+AM42 -> 89 | O10: =N10/G10 -> 0.16635514 | P10: =SUM(AO42:AP42) -> 4 | Q10: =P10/G10 -> 0.0074766355 | R10: =SUM(AR42:AS42) -> 1 | S10: =R10/G10 -> 0.0018691589 | T10: =SUM(AU42:AV42) -> 0 | U10: =T10/G10 -> 0 | V10: =AX42 -> 0 | W10: =BA42 -> 94 | X10: =(W10+1)/(G10+1) -> 0.17723881 | Y10: SCS | Z10: LCC | AB10: Lower clip | AL10: =SUM(AI10:AK10)/AG10 -> #DIV/0! | AO10: =SUM(AM10:AN10)/AH10 -> #DIV/0! | AR10: =(AP10+AQ10)/$AH10 -> #DIV/0! | AU10: =(AS10+AT10)/$AH10 -> #DIV/0! | AX10: =(AV10+AW10)/$AH10 -> #DIV/0! | AY10: =SUM(AM10,AP10,AS10,AV10) -> 0 | AZ10: =SUM(AN10,AQ10,AT10,AW10) -> 0 | BA10: =SUM(AY10:AZ10) -> 0 | BB10: =(BA10+1)/(AH10+1) -> 1
A11: 9 | B11: 46045 | C11: 46046 | D11: 1 | E11: =AF47 -> 1028 | F11: =AG47 -> 510 | G11: =AH47 -> 508 | H11: =AI47 -> 0 | I11: =AJ47 -> 3 | J11: =AK47 -> 2 | K11: =AZ47 -> 1 | L11: =SUM(H11:K11) -> 6 | M11: =L11/E11 -> 0.0058365759 | N11: =AL47+AM47 -> 76 | O11: =N11/G11 -> 0.1496063 | P11: =SUM(AO47:AP47) -> 15 | Q11: =P11/G11 -> 0.029527559 | R11: =SUM(AR47:AS47) -> 2 | S11: =R11/G11 -> 0.0039370079 | T11: =SUM(AU47:AV47) -> 0 | U11: =T11/G11 -> 0 | V11: =AX47 -> 0 | W11: =BA47 -> 94 | X11: =(W11+1)/(G11+1) -> 0.18664047 | Y11: FCS | Z11: LCC | AB11: Upper clip | AC11: 45989 | AD11: 45990 | AE11: 1 | AF11: 506 | AG11: 240 | AH11: 238 | AI11: 2 | AJ11: 0 | AK11: 2 | AL11: =SUM(AI11:AK11)/AG11 -> 0.016666667 | AM11: 57 | AN11: 1 | AO11: =SUM(AM11:AN11)/AH11 -> 0.24369748 | AP11: 4 | AQ11: 0 | AR11: =(AP11+AQ11)/$AH11 -> 0.016806723 | AS11: 0 | AT11: 0 | AU11: =(AS11+AT11)/$AH11 -> 0 | AV11: 0 | AW11: 0 | AX11: =(AV11+AW11)/$AH11 -> 0 | AY11: =SUM(AM11,AP11,AS11,AV11) -> 61 | AZ11: =SUM(AN11,AQ11,AT11,AW11) -> 1 | BA11: =SUM(AY11:AZ11) -> 62 | BB11: =(BA11+1)/(AH11+1) -> 0.26359833 | BC11: SRS | BD11: UCC LCC
A12: 10 | B12: 46052 | C12: 46053 | D12: 1 | E12: =AF52 -> 477 | F12: =AG52 -> 477 | G12: =AH52 -> 476 | H12: =AI52 -> 0 | I12: =AJ52 -> 1 | J12: =AK52 -> 0 | K12: =AZ52 -> 1 | L12: =SUM(H12:K12) -> 2 | M12: =L12/E12 -> 0.0041928721 | N12: =AL52+AM52 -> 96 | O12: =N12/G12 -> 0.20168067 | P12: =SUM(AO52:AP52) -> 5 | Q12: =P12/G12 -> 0.010504202 | R12: =SUM(AR52:AS52) -> 0 | S12: =R12/G12 -> 0 | T12: =SUM(AU52:AV52) -> 1 | U12: =T12/G12 -> 0.0021008403 | V12: =AX52 -> 0 | W12: =BA52 -> 103 | X12: =(W12+1)/(G12+1) -> 0.21802935 | Y12: FCS | Z12: LCC | AF12: =SUM(AF9:AF11) -> 506 | AG12: =SUM(AG9:AG11) -> 240 | AH12: =SUM(AH9:AH11) -> 238 | AI12: =SUM(AI9:AI11) -> 2 | AJ12: =SUM(AJ9:AJ11) -> 0 | AK12: =SUM(AK9:AK11) -> 2 | AM12: =SUM(AM9:AM11) -> 57 | AN12: =SUM(AN9:AN11) -> 1 | AP12: =SUM(AP9:AP11) -> 4 | AQ12: =SUM(AQ9:AQ11) -> 0 | AS12: =SUM(AS9:AS11) -> 0 | AT12: =SUM(AT9:AT11) -> 0 | AV12: =SUM(AV9:AV11) -> 0 | AW12: =SUM(AW9:AW11) -> 0 | AY12: =SUM(AY9:AY11) -> 61 | AZ12: =SUM(AZ9:AZ11) -> 1 | BA12: =SUM(AY12:AZ12) -> 62 | BB12: =(BA12+1)/(AH12+1) -> 0.26359833
A13: 11 | B13: 46056 | C13: 46057 | D13: 1 | E13: =AF56 -> 500 | F13: 499 | G13: =AH57 -> 497 | H13: =AI57 -> 1 | I13: =AJ57 -> 0 | J13: =AK57 -> 2 | K13: =AZ57 -> 0 | L13: =SUM(H13:K13) -> 3 | M13: =L13/E13 -> 0.006 | N13: =AL57+AM57 -> 106 | O13: =N13/G13 -> 0.21327968 | P13: =SUM(AO57:AP57) -> 2 | Q13: =P13/G13 -> 0.0040241449 | R13: =SUM(AR57:AS57) -> 0 | S13: =R13/G13 -> 0 | T13: =SUM(AU57:AV57) -> 0 | U13: =T13/G13 -> 0 | V13: =AX57 -> 0 | W13: =BA57 -> 108 | X13: =(W13+1)/(G13+1) -> 0.2188755 | Y13: FCS | Z13: LCC | AB13: Trial 3
A14: 12 | B14: 46059 | C14: 46060 | D14: 1 | E14: 502 | F14: 496 | G14: 496 | H14: =AI62 -> 3 | I14: 0 | J14: 0 | K14: =AZ62 -> 0 | L14: =SUM(H14:K14) -> 3 | M14: =L14/E14 -> 0.0059760956 | N14: 69 | O14: =N14/G14 -> 0.1391129 | P14: 0 | Q14: =P14/G14 -> 0 | R14: =SUM(AR62:AS62) -> 1 | S14: =R14/G14 -> 0.002016129 | T14: =SUM(AU62:AV62) -> 0 | U14: =T14/G14 -> 0 | V14: =AX62 -> 0 | W14: =BA62 -> 72 | X14: =(W14+1)/(G14+1) -> 0.14688129 | Y14: FCS | Z14: LCC | AB14: No clip | AL14: =SUM(AI14:AK14)/AG14 -> #DIV/0! | AO14: =SUM(AM14:AN14)/AH14 -> #DIV/0! | AR14: =(AP14+AQ14)/$AH14 -> #DIV/0! | AU14: =(AS14+AT14)/$AH14 -> #DIV/0! | AX14: =(AV14+AW14)/$AH14 -> #DIV/0! | AY14: =SUM(AM14,AP14,AS14,AV14) -> 0 | AZ14: =SUM(AN14,AQ14,AT14,AW14) -> 0 | BA14: =SUM(AY14:AZ14) -> 0 | BB14: =(BA14+1)/(AH14+1) -> 1
A15: 13 | E15: =AF67 -> 0 | F15: =AG67 -> 0 | G15: =AH67 -> 0 | H15: =AI67 -> 0 | I15: =AJ67 -> 0 | J15: =AK67 -> 0 | K15: =AZ67 -> 0 | L15: =SUM(H15:K15) -> 0 | M15: =L15/E15 -> #DIV/0! | N15: =AL67+AM67 -> 0 | O15: =N15/G15 -> #DIV/0! | P15: =SUM(AO67:AP67) -> 0 | Q15: =P15/G15 -> #DIV/0! | R15: =SUM(AR67:AS67) -> 0 | S15: =R15/G15 -> #DIV/0! | T15: =SUM(AU67:AV67) -> 0 | U15: =T15/G15 -> #DIV/0! | V15: =AX67 -> 0 | W15: =BA67 -> 0 | X15: =(W15+1)/(G15+1) -> 1 | AB15: Lower clip | AL15: =SUM(AI15:AK15)/AG15 -> #DIV/0! | AO15: =SUM(AM15:AN15)/AH15 -> #DIV/0! | AR15: =(AP15+AQ15)/$AH15 -> #DIV/0! | AU15: =(AS15+AT15)/$AH15 -> #DIV/0! | AX15: =(AV15+AW15)/$AH15 -> #DIV/0! | AY15: =SUM(AM15,AP15,AS15,AV15) -> 0 | AZ15: =SUM(AN15,AQ15,AT15,AW15) -> 0 | BA15: =SUM(AY15:AZ15) -> 0 | BB15: =(BA15+1)/(AH15+1) -> 1
A16: 14 | E16: =AF72 -> 0 | F16: =AG72 -> 0 | G16: =AH72 -> 0 | H16: =AI72 -> 0 | I16: =AJ72 -> 0 | J16: =AK72 -> 0 | K16: =AZ72 -> 0 | L16: =SUM(H16:K16) -> 0 | M16: =L16/E16 -> #DIV/0! | N16: =AL72+AM72 -> 0 | O16: =N16/G16 -> #DIV/0! | P16: =SUM(AO72:AP72) -> 0 | Q16: =P16/G16 -> #DIV/0! | R16: =SUM(AR72:AS72) -> 0 | S16: =R16/G16 -> #DIV/0! | T16: =SUM(AU72:AV72) -> 0 | U16: =T16/G16 -> #DIV/0! | V16: =AX72 -> 0 | W16: =BA72 -> 0 | X16: =(W16+1)/(G16+1) -> 1 | AB16: Upper clip | AC16: 45993 | AD16: 45994 | AE16: 1 | AF16: 608 | AG16: 335 | AH16: 335 | AI16: 2 | AJ16: 0 | AK16: 0 | AL16: =SUM(AI16:AK16)/AG16 -> 0.0059701493 | AM16: 76 | AN16: 0 | AO16: =SUM(AM16:AN16)/AH16 -> 0.22686567 | AP16: 3 | AQ16: 1 | AR16: =(AP16+AQ16)/$AH16 -> 0.011940299 | AS16: 0 | AT16: 0 | AU16: =(AS16+AT16)/$AH16 -> 0 | AV16: 0 | AW16: 0 | AX16: =(AV16+AW16)/$AH16 -> 0 | AY16: =SUM(AM16,AP16,AS16,AV16) -> 79 | AZ16: =SUM(AN16,AQ16,AT16,AW16) -> 1 | BA16: =SUM(AY16:AZ16) -> 80 | BB16: =(BA16+1)/(AH16+1) -> 0.24107143 | BC16: SRS | BD16: UCC
A17: 15 | E17: =AF77 -> 0 | F17: =AG77 -> 0 | G17: =AH77 -> 0 | H17: =AI77 -> 0 | I17: =AJ77 -> 0 | J17: =AK77 -> 0 | K17: =AZ77 -> 0 | L17: =SUM(H17:K17) -> 0 | M17: =L17/E17 -> #DIV/0! | N17: =AL77+AM77 -> 0 | O17: =N17/G17 -> #DIV/0! | P17: =SUM(AO77:AP77) -> 0 | Q17: =P17/G17 -> #DIV/0! | R17: =SUM(AR77:AS77) -> 0 | S17: =R17/G17 -> #DIV/0! | T17: =SUM(AU77:AV77) -> 0 | U17: =T17/G17 -> #DIV/0! | V17: =AX77 -> 0 | W17: =BA77 -> 0 | X17: =(W17+1)/(G17+1) -> 1 | AF17: =SUM(AF14:AF16) -> 608 | AG17: =SUM(AG14:AG16) -> 335 | AH17: =SUM(AH14:AH16) -> 335 | AI17: =SUM(AI14:AI16) -> 2 | AJ17: =SUM(AJ14:AJ16) -> 0 | AK17: =SUM(AK14:AK16) -> 0 | AM17: =SUM(AM14:AM16) -> 76 | AN17: =SUM(AN14:AN16) -> 0 | AP17: =SUM(AP14:AP16) -> 3 | AQ17: =SUM(AQ14:AQ16) -> 1 | AS17: =SUM(AS14:AS16) -> 0 | AT17: =SUM(AT14:AT16) -> 0 | AV17: =SUM(AV14:AV16) -> 0 | AW17: =SUM(AW14:AW16) -> 0 | AY17: =SUM(AY14:AY16) -> 79 | AZ17: =SUM(AZ14:AZ16) -> 1 | BA17: =SUM(AY17:AZ17) -> 80 | BB17: =(BA17+1)/(AH17+1) -> 0.24107143
A18: 16 | E18: =AF82 -> 0 | F18: =AG82 -> 0 | G18: =AH82 -> 0 | H18: =AI82 -> 0 | I18: =AJ82 -> 0 | J18: =AK82 -> 0 | K18: =AZ82 -> 0 | L18: =SUM(H18:K18) -> 0 | M18: =L18/E18 -> #DIV/0! | N18: =AL82+AM82 -> 0 | O18: =N18/G18 -> #DIV/0! | P18: =SUM(AO82:AP82) -> 0 | Q18: =P18/G18 -> #DIV/0! | R18: =SUM(AR82:AS82) -> 0 | S18: =R18/G18 -> #DIV/0! | T18: =SUM(AU82:AV82) -> 0 | U18: =T18/G18 -> #DIV/0! | V18: =AX82 -> 0 | W18: =BA82 -> 0 | X18: =(W18+1)/(G18+1) -> 1 | AB18: Trial 4
A19: 17 | E19: =AF87 -> 0 | F19: =AG87 -> 0 | G19: =AH87 -> 0 | H19: =AI87 -> 0 | I19: =AJ87 -> 0 | J19: =AK887 -> 0 | K19: =AZ87 -> 0 | L19: =SUM(H19:K19) -> 0 | M19: =L19/E19 -> #DIV/0! | N19: =AL87+AM87 -> 0 | O19: =N19/G19 -> #DIV/0! | P19: =SUM(AO87:AP87) -> 0 | Q19: =P19/G19 -> #DIV/0! | R19: =SUM(AR87:AS87) -> 0 | S19: =R19/G19 -> #DIV/0! | T19: =SUM(AU87:AV87) -> 0 | U19: =T19/G19 -> #DIV/0! | V19: =AX87 -> 0 | W19: =BA87 -> 0 | X19: =(W19+1)/(G19+1) -> 1 | AB19: No clip | AL19: =SUM(AI19:AK19)/AG19 -> #DIV/0! | AO19: =SUM(AM19:AN19)/AH19 -> #DIV/0! | AR19: =(AP19+AQ19)/$AH19 -> #DIV/0! | AU19: =(AS19+AT19)/$AH19 -> #DIV/0! | AX19: =(AV19+AW19)/$AH19 -> #DIV/0! | AY19: =SUM(AM19,AP19,AS19,AV19) -> 0 | AZ19: =SUM(AN19,AQ19,AT19,AW19) -> 0 | BA19: =SUM(AY19:AZ19) -> 0 | BB19: =(BA19+1)/(AH19+1) -> 1
A20: 18 | E20: =AF92 -> 0 | F20: =AG92 -> 0 | G20: =AH92 -> 0 | H20: =AI92 -> 0 | I20: =AJ92 -> 0 | J20: =AK92 -> 0 | K20: =AZ92 -> 0 | L20: =SUM(H20:K20) -> 0 | M20: =L20/E20 -> #DIV/0! | N20: =AL92+AM92 -> 0 | O20: =N20/G20 -> #DIV/0! | P20: =SUM(AO92:AP92) -> 0 | Q20: =P20/G20 -> #DIV/0! | R20: =SUM(AR92:AS92) -> 0 | S20: =R20/G20 -> #DIV/0! | T20: =SUM(AU92:AV92) -> 0 | U20: =T20/G20 -> #DIV/0! | V20: =AX92 -> 0 | W20: =BA92 -> 0 | X20: =(W20+1)/(G20+1) -> 1 | AB20: Lower clip | AL20: =SUM(AI20:AK20)/AG20 -> #DIV/0! | AO20: =SUM(AM20:AN20)/AH20 -> #DIV/0! | AR20: =(AP20+AQ20)/$AH20 -> #DIV/0! | AU20: =(AS20+AT20)/$AH20 -> #DIV/0! | AX20: =(AV20+AW20)/$AH20 -> #DIV/0! | AY20: =SUM(AM20,AP20,AS20,AV20) -> 0 | AZ20: =SUM(AN20,AQ20,AT20,AW20) -> 0 | BA20: =SUM(AY20:AZ20) -> 0 | BB20: =(BA20+1)/(AH20+1) -> 1
A21: 19 | E21: =AF97 -> 0 | F21: =AG97 -> 0 | G21: =AH97 -> 0 | H21: =AI97 -> 0 | I21: =AJ97 -> 0 | J21: =AK97 -> 0 | K21: =AZ97 -> 0 | L21: =SUM(H21:K21) -> 0 | M21: =L21/E21 -> #DIV/0! | N21: =AL97+AM97 -> 0 | O21: =N21/G21 -> #DIV/0! | P21: =SUM(AO97:AP97) -> 0 | Q21: =P21/G21 -> #DIV/0! | R21: =SUM(AR97:AS97) -> 0 | S21: =R21/G21 -> #DIV/0! | T21: =SUM(AU97:AV97) -> 0 | U21: =T21/G21 -> #DIV/0! | V21: =AX97 -> 0 | W21: =AB97 -> 0 | X21: =(W21+1)/(G21+1) -> 1 | AB21: Upper clip | AC21: 45996 | AD21: 45997 | AE21: 1 | AF21: 1030 | AG21: 501 | AH21: 497 | AI21: 3 | AJ21: 1 | AK21: 1 | AL21: =SUM(AI21:AK21)/AG21 -> 0.0099800399 | AM21: 162 | AN21: 1 | AO21: =SUM(AM21:AN21)/AH21 -> 0.32796781 | AP21: 6 | AQ21: 0 | AR21: =(AP21+AQ21)/$AH21 -> 0.012072435 | AS21: 0 | AT21: 1 | AU21: =(AS21+AT21)/$AH21 -> 0.0020120724 | AX21: =(AV21+AW21)/$AH21 -> 0 | AY21: =SUM(AM21,AP21,AS21,AV21) -> 168 | AZ21: =SUM(AN21,AQ21,AT21,AW21) -> 2 | BA21: =SUM(AY21:AZ21) -> 170 | BB21: =(BA21+1)/(AH21+1) -> 0.34337349
A22: 20 | E22: =AF102 -> 0 | F22: =AG102 -> 0 | G22: =AH102 -> 0 | H22: =AI102 -> 0 | I22: =AJ102 -> 0 | J22: =AK102 -> 0 | K22: =AZ102 -> 0 | L22: =SUM(H22:K22) -> 0 | M22: =L22/E22 -> #DIV/0! | N22: =AL102+AM102 -> 0 | O22: =N22/G22 -> #DIV/0! | P22: =SUM(AO102:AP102) -> 0 | Q22: =P22/G22 -> #DIV/0! | R22: =SUM(AR102:AS102) -> 0 | S22: =R22/G22 -> #DIV/0! | T22: =SUM(AU102:AV102) -> 0 | U22: =T22/G22 -> #DIV/0! | V22: =AX102 -> 0 | W22: =BA102 -> 0 | X22: =(W22+1)/(G22+1) -> 1 | AF22: =SUM(AF19:AF21) -> 1030 | AG22: =SUM(AG19:AG21) -> 501 | AH22: =SUM(AH19:AH21) -> 497 | AI22: =SUM(AI19:AI21) -> 3 | AJ22: =SUM(AJ19:AJ21) -> 1 | AK22: =SUM(AK19:AK21) -> 1 | AM22: =SUM(AM19:AM21) -> 162 | AN22: =SUM(AN19:AN21) -> 1 | AP22: =SUM(AP19:AP21) -> 6 | AQ22: =SUM(AQ19:AQ21) -> 0 | AS22: =SUM(AS19:AS21) -> 0 | AT22: =SUM(AT19:AT21) -> 1 | AV22: =SUM(AV19:AV21) -> 0 | AW22: =SUM(AW19:AW21) -> 0 | AY22: =SUM(AY19:AY21) -> 168 | AZ22: =SUM(AZ19:AZ21) -> 2 | BA22: =SUM(AY22:AZ22) -> 170 | BB22: =(BA22+1)/(AH22+1) -> 0.34337349
E23: =SUM(E3:E22) -> 6675 | F23: =SUM(F3:F22) -> 5062 | G23: =SUM(G3:G22) -> 5042 | H23: =SUM(H3:H22) -> 15 | I23: =SUM(I3:I22) -> 5 | J23: =SUM(J3:J22) -> 8 | K23: =SUM(K3:K22) -> 8 | L23: =SUM(L3:L22) -> 36 | M23: =L23/E23 -> 0.0053932584 | N23: =SUM(N3:N22) -> 1047 | O23: =N23/G23 -> 0.20765569 | P23: =SUM(P3:P22) -> 58 | Q23: =P23/G23 -> 0.011503372 | R23: =SUM(R3:R22) -> 14 | S23: =R23/G23 -> 0.0027766759 | T23: =SUM(T3:T6) -> 0 | U23: =T23/G23 -> 0 | V23: =SUM(V3:V22) -> 0 | W23: =SUM(W3:W22) -> 1129 | AB23: Trial 5
AB24: No clip | AL24: =SUM(AI24:AK24)/AG24 -> #DIV/0! | AO24: =SUM(AM24:AN24)/AH24 -> #DIV/0! | AR24: =(AP24+AQ24)/$AH24 -> #DIV/0! | AU24: =(AS24+AT24)/$AH24 -> #DIV/0! | AX24: =(AV24+AW24)/$AH24 -> #DIV/0! | AY24: =SUM(AM24,AP24,AS24,AV24) -> 0 | AZ24: =SUM(AN24,AQ24,AT24,AW24) -> 0 | BA24: =SUM(AY24:AZ24) -> 0 | BB24: =(BA24+1)/(AH24+1) -> 1
F25: In left and right tables enter data in green fields only, all other data is calculated | AB25: Lower clip | AL25: =SUM(AI25:AK25)/AG25 -> #DIV/0! | AO25: =SUM(AM25:AN25)/AH25 -> #DIV/0! | AR25: =(AP25+AQ25)/$AH25 -> #DIV/0! | AU25: =(AS25+AT25)/$AH25 -> #DIV/0! | AX25: =(AV25+AW25)/$AH25 -> #DIV/0! | AY25: =SUM(AM25,AP25,AS25,AV25) -> 0 | AZ25: =SUM(AN25,AQ25,AT25,AW25) -> 0 | BA25: =SUM(AY25:AZ25) -> 0 | BB25: =(BA25+1)/(AH25+1) -> 1
F26: Do not enter data into blue shaded cells | AB26: Upper clip | AC26: 46000 | AD26: 46001 | AE26: 1 | AF26: 457 | AG26: 448 | AH26: 447 | AI26: 3 | AJ26: 0 | AK26: 0 | AL26: =SUM(AI26:AK26)/AG26 -> 0.0066964286 | AM26: 136 | AN26: 0 | AO26: =SUM(AM26:AN26)/AH26 -> 0.30425056 | AP26: 11 | AQ26: 0 | AR26: =(AP26+AQ26)/$AH26 -> 0.024608501 | AS26: 9 | AT26: 0 | AU26: =(AS26+AT26)/$AH26 -> 0.020134228 | AV26: 0 | AW26: 0 | AX26: =(AV26+AW26)/$AH26 -> 0 | AY26: =SUM(AM26,AP26,AS26,AV26) -> 156 | AZ26: =SUM(AN26,AQ26,AT26,AW26) -> 0 | BA26: =SUM(AY26:AZ26) -> 156 | BB26: =(BA26+1)/(AH26+1) -> 0.35044643
AF27: =SUM(AF24:AF26) -> 457 | AG27: =SUM(AG24:AG26) -> 448 | AH27: =SUM(AH24:AH26) -> 447 | AI27: =SUM(AI24:AI26) -> 3 | AJ27: =SUM(AJ24:AJ26) -> 0 | AK27: =SUM(AK24:AK26) -> 0 | AM27: =SUM(AM24:AM26) -> 136 | AN27: =SUM(AN24:AN26) -> 0 | AP27: =SUM(AP24:AP26) -> 11 | AQ27: =SUM(AQ24:AQ26) -> 0 | AS27: =SUM(AS24:AS26) -> 9 | AT27: =SUM(AT24:AT26) -> 0 | AV27: =SUM(AV24:AV26) -> 0 | AW27: =SUM(AW24:AW26) -> 0 | AY27: =SUM(AY24:AY26) -> 156 | AZ27: =SUM(AZ24:AZ26) -> 0 | BA27: =SUM(AY27:AZ27) -> 156 | BB27: =(BA27+1)/(AH27+1) -> 0.35044643
I28: Avg. Released | J28: Avg. Recaps | K28: Avg. Eff | AB28: Trial 6
I29: =AVERAGE(G3:G14) -> 420.16667 | J29: =AVERAGE(W3:W14) -> 94.083333 | K29: =ROUND((J29+1)/(I29+1),4) -> 0.2258 | AB29: No clip | AL29: =SUM(AI29:AK29)/AG29 -> #DIV/0! | AO29: =SUM(AM29:AN29)/AH29 -> #DIV/0! | AR29: =(AP29+AQ29)/$AH29 -> #DIV/0! | AU29: =(AS29+AT29)/$AH29 -> #DIV/0! | AX29: =(AV29+AW29)/$AH29 -> #DIV/0! | AY29: =SUM(AM29,AP29,AS29,AV29) -> 0 | AZ29: =SUM(AN29,AQ29,AT29,AW29) -> 0 | BA29: =SUM(AY29:AZ29) -> 0 | BB29: =(BA29+1)/(AH29+1) -> 1
I30: Rounded season average | AB30: Lower clip | AL30: =SUM(AI30:AK30)/AG30 -> #DIV/0! | AO30: =SUM(AM30:AN30)/AH30 -> #DIV/0! | AR30: =(AP30+AQ30)/$AH30 -> #DIV/0! | AU30: =(AS30+AT30)/$AH30 -> #DIV/0! | AX30: =(AV30+AW30)/$AH30 -> #DIV/0! | AY30: =SUM(AM30,AP30,AS30,AV30) -> 0 | AZ30: =SUM(AN30,AQ30,AT30,AW30) -> 0 | BA30: =SUM(AY30:AZ30) -> 0 | BB30: =(BA30+1)/(AH30+1) -> 1
AB31: Upper clip | AC31: 46003 | AD31: 46004 | AF31: 439 | AG31: 438 | AH31: 437 | AI31: 0 | AJ31: 0 | AK31: 1 | AL31: =SUM(AI31:AK31)/AG31 -> 0.002283105 | AM31: 115 | AN31: 0 | AO31: =SUM(AM31:AN31)/AH31 -> 0.26315789 | AP31: 6 | AQ31: 0 | AR31: =(AP31+AQ31)/$AH31 -> 0.013729977 | AS31: 1 | AT31: 0 | AU31: =(AS31+AT31)/$AH31 -> 0.0022883295 | AV31: 0 | AW31: 0 | AX31: =(AV31+AW31)/$AH31 -> 0 | AY31: =SUM(AM31,AP31,AS31,AV31) -> 122 | AZ31: =SUM(AN31,AQ31,AT31,AW31) -> 0 | BA31: =SUM(AY31:AZ31) -> 122 | BB31: =(BA31+1)/(AH31+1) -> 0.28082192
AF32: =SUM(AF29:AF31) -> 439 | AG32: =SUM(AG29:AG31) -> 438 | AH32: =SUM(AH29:AH31) -> 437 | AI32: =SUM(AI29:AI31) -> 0 | AJ32: =SUM(AJ29:AJ31) -> 0 | AK32: =SUM(AK29:AK31) -> 1 | AM32: =SUM(AM29:AM31) -> 115 | AN32: =SUM(AN29:AN31) -> 0 | AP32: =SUM(AP29:AP31) -> 6 | AQ32: =SUM(AQ29:AQ31) -> 0 | AS32: =SUM(AS29:AS31) -> 1 | AT32: =SUM(AT29:AT31) -> 0 | AV32: =SUM(AV29:AV31) -> 0 | AW32: =SUM(AW29:AW31) -> 0 | AY32: =SUM(AY29:AY31) -> 122 | AZ32: =SUM(AZ29:AZ31) -> 0 | BA32: =SUM(AY32:AZ32) -> 122 | BB32: =(BA32+1)/(AH32+1) -> 0.28082192
AB33: Trial 7
AB34: No clip | AL34: =SUM(AI34:AK34)/AG34 -> #DIV/0! | AO34: =SUM(AM34:AN34)/AH34 -> #DIV/0! | AR34: =(AP34+AQ34)/$AH34 -> #DIV/0! | AU34: =(AS34+AT34)/$AH34 -> #DIV/0! | AX34: =(AV34+AW34)/$AH34 -> #DIV/0! | AY34: =SUM(AM34,AP34,AS34,AV34) -> 0 | AZ34: =SUM(AN34,AQ34,AT34,AW34) -> 0 | BA34: =SUM(AY34:AZ34) -> 0 | BB34: =(BA34+1)/(AH34+1) -> 1
AB35: Lower clip | AL35: =SUM(AI35:AK35)/AG35 -> #DIV/0! | AO35: =SUM(AM35:AN35)/AH35 -> #DIV/0! | AR35: =(AP35+AQ35)/$AH35 -> #DIV/0! | AU35: =(AS35+AT35)/$AH35 -> #DIV/0! | AX35: =(AV35+AW35)/$AH35 -> #DIV/0! | AY35: =SUM(AM35,AP35,AS35,AV35) -> 0 | AZ35: =SUM(AN35,AQ35,AT35,AW35) -> 0 | BA35: =SUM(AY35:AZ35) -> 0 | BB35: =(BA35+1)/(AH35+1) -> 1
AB36: Upper clip | AC36: 46038 | AD36: 46039 | AE36: 1 | AF36: 509 | AG36: 504 | AH36: 503 | AI36: 0 | AJ36: 0 | AL36: =SUM(AI36:AK36)/AG36 -> 0 | AM36: 54 | AN36: 2 | AO36: =SUM(AM36:AN36)/AH36 -> 0.11133201 | AP36: 0 | AQ36: 0 | AR36: =(AP36+AQ36)/$AH36 -> 0 | AS36: 0 | AT36: 0 | AU36: =(AS36+AT36)/$AH36 -> 0 | AV36: 0 | AW36: 0 | AX36: =(AV36+AW36)/$AH36 -> 0 | AY36: =SUM(AM36,AP36,AS36,AV36) -> 54 | AZ36: =SUM(AN36,AQ36,AT36,AW36) -> 2 | BA36: =SUM(AY36:AZ36) -> 56 | BB36: =(BA36+1)/(AH36+1) -> 0.11309524
AF37: =SUM(AF34:AF36) -> 509 | AG37: =SUM(AG34:AG36) -> 504 | AH37: =SUM(AH34:AH36) -> 503 | AI37: =SUM(AI34:AI36) -> 0 | AJ37: =SUM(AJ34:AJ36) -> 0 | AK37: =SUM(AK34:AK36) -> 0 | AM37: =SUM(AM34:AM36) -> 54 | AN37: =SUM(AN34:AN36) -> 2 | AP37: =SUM(AP34:AP36) -> 0 | AQ37: =SUM(AQ34:AQ36) -> 0 | AS37: =SUM(AS34:AS36) -> 0 | AT37: =SUM(AT34:AT36) -> 0 | AV37: =SUM(AV34:AV36) -> 0 | AW37: =SUM(AW34:AW36) -> 0 | AY37: =SUM(AY34:AY36) -> 54 | AZ37: =SUM(AZ34:AZ36) -> 2 | BA37: =SUM(AY37:AZ37) -> 56 | BB37: =(BA37+1)/(AH37+1) -> 0.11309524
AB38: Trial 8
AB39: No clip | AL39: =SUM(AI39:AK39)/AG39 -> #DIV/0! | AO39: =SUM(AM39:AN39)/AH39 -> #DIV/0! | AR39: =(AP39+AQ39)/$AH39 -> #DIV/0! | AU39: =(AS39+AT39)/$AH39 -> #DIV/0! | AX39: =(AV39+AW39)/$AH39 -> #DIV/0! | AY39: =SUM(AM39,AP39,AS39,AV39) -> 0 | AZ39: =SUM(AN39,AQ39,AT39,AW39) -> 0 | BA39: =SUM(AY39:AZ39) -> 0 | BB39: =(BA39+1)/(AH39+1) -> 1
AB40: Lower clip | AL40: =SUM(AI40:AK40)/AG40 -> #DIV/0! | AO40: =SUM(AM40:AN40)/AH40 -> #DIV/0! | AR40: =(AP40+AQ40)/$AH40 -> #DIV/0! | AU40: =(AS40+AT40)/$AH40 -> #DIV/0! | AX40: =(AV40+AW40)/$AH40 -> #DIV/0! | AY40: =SUM(AM40,AP40,AS40,AV40) -> 0 | AZ40: =SUM(AN40,AQ40,AT40,AW40) -> 0 | BA40: =SUM(AY40:AZ40) -> 0 | BB40: =(BA40+1)/(AH40+1) -> 1
AB41: Upper clip | AC41: 46042 | AD41: 46043 | AE41: 1 | AF41: 545 | AG41: 541 | AH41: 535 | AI41: 0 | AJ41: 0 | AK41: 0 | AL41: =SUM(AI41:AK41)/AG41 -> 0 | AM41: 89 | AN41: 0 | AO41: =SUM(AM41:AN41)/AH41 -> 0.16635514 | AP41: 4 | AQ41: 0 | AR41: =(AP41+AQ41)/$AH41 -> 0.0074766355 | AS41: 1 | AT41: 0 | AU41: =(AS41+AT41)/$AH41 -> 0.0018691589 | AV41: 0 | AW41: 0 | AX41: =(AV41+AW41)/$AH41 -> 0 | AY41: =SUM(AM41,AP41,AS41,AV41) -> 94 | AZ41: =SUM(AN41,AQ41,AT41,AW41) -> 0 | BA41: =SUM(AY41:AZ41) -> 94 | BB41: =(BA41+1)/(AH41+1) -> 0.17723881
AF42: =SUM(AF39:AF41) -> 545 | AG42: =SUM(AG39:AG41) -> 541 | AH42: =SUM(AH39:AH41) -> 535 | AI42: =SUM(AI39:AI41) -> 0 | AJ42: =SUM(AJ39:AJ41) -> 0 | AK42: =SUM(AK39:AK41) -> 0 | AM42: =SUM(AM39:AM41) -> 89 | AN42: =SUM(AN39:AN41) -> 0 | AP42: =SUM(AP39:AP41) -> 4 | AQ42: =SUM(AQ39:AQ41) -> 0 | AS42: =SUM(AS39:AS41) -> 1 | AT42: =SUM(AT39:AT41) -> 0 | AV42: =SUM(AV39:AV41) -> 0 | AW42: =SUM(AW39:AW41) -> 0 | AY42: =SUM(AY39:AY41) -> 94 | AZ42: =SUM(AZ39:AZ41) -> 0 | BA42: =SUM(AY42:AZ42) -> 94 | BB42: =(BA42+1)/(AH42+1) -> 0.17723881
AB43: Trial 9
AB44: No clip | AL44: =SUM(AI44:AK44)/AG44 -> #DIV/0! | AO44: =SUM(AM44:AN44)/AH44 -> #DIV/0! | AR44: =(AP44+AQ44)/$AH44 -> #DIV/0! | AU44: =(AS44+AT44)/$AH44 -> #DIV/0! | AX44: =(AV44+AW44)/$AH44 -> #DIV/0! | AY44: =SUM(AM44,AP44,AS44,AV44) -> 0 | AZ44: =SUM(AN44,AQ44,AT44,AW44) -> 0 | BA44: =SUM(AY44:AZ44) -> 0 | BB44: =(BA44+1)/(AH44+1) -> 1
AB45: Lower clip | AL45: =SUM(AI45:AK45)/AG45 -> #DIV/0! | AO45: =SUM(AM45:AN45)/AH45 -> #DIV/0! | AR45: =(AP45+AQ45)/$AH45 -> #DIV/0! | AU45: =(AS45+AT45)/$AH45 -> #DIV/0! | AX45: =(AV45+AW45)/$AH45 -> #DIV/0! | AY45: =SUM(AM45,AP45,AS45,AV45) -> 0 | AZ45: =SUM(AN45,AQ45,AT45,AW45) -> 0 | BA45: =SUM(AY45:AZ45) -> 0 | BB45: =(BA45+1)/(AH45+1) -> 1
AB46: Upper clip | AC46: 46045 | AD46: 46046 | AE46: 1 | AF46: 1028 | AG46: 510 | AH46: 508 | AI46: 0 | AJ46: 3 | AK46: 2 | AL46: =SUM(AI46:AK46)/AG46 -> 0.0098039216 | AM46: 76 | AN46: 1 | AO46: =SUM(AM46:AN46)/AH46 -> 0.1515748 | AP46: 15 | AQ46: 0 | AR46: =(AP46+AQ46)/$AH46 -> 0.029527559 | AS46: 2 | AT46: 0 | AU46: =(AS46+AT46)/$AH46 -> 0.0039370079 | AV46: 0 | AW46: 0 | AX46: =(AV46+AW46)/$AH46 -> 0 | AY46: =SUM(AM46,AP46,AS46,AV46) -> 93 | AZ46: =SUM(AN46,AQ46,AT46,AW46) -> 1 | BA46: =SUM(AY46:AZ46) -> 94 | BB46: =(BA46+1)/(AH46+1) -> 0.18664047
AF47: =SUM(AF44:AF46) -> 1028 | AG47: =SUM(AG44:AG46) -> 510 | AH47: =SUM(AH44:AH46) -> 508 | AI47: =SUM(AI44:AI46) -> 0 | AJ47: =SUM(AJ44:AJ46) -> 3 | AK47: =SUM(AK44:AK46) -> 2 | AM47: =SUM(AM44:AM46) -> 76 | AN47: =SUM(AN44:AN46) -> 1 | AP47: =SUM(AP44:AP46) -> 15 | AQ47: =SUM(AQ44:AQ46) -> 0 | AS47: =SUM(AS44:AS46) -> 2 | AT47: =SUM(AT44:AT46) -> 0 | AV47: =SUM(AV44:AV46) -> 0 | AW47: =SUM(AW44:AW46) -> 0 | AY47: =SUM(AY44:AY46) -> 93 | AZ47: =SUM(AZ44:AZ46) -> 1 | BA47: =SUM(AY47:AZ47) -> 94 | BB47: =(BA47+1)/(AH47+1) -> 0.18664047
AB48: Trial 10
AB49: No clip | AL49: =SUM(AI49:AK49)/AG49 -> #DIV/0! | AO49: =SUM(AM49:AN49)/AH49 -> #DIV/0! | AR49: =(AP49+AQ49)/$AH49 -> #DIV/0! | AU49: =(AS49+AT49)/$AH49 -> #DIV/0! | AX49: =(AV49+AW49)/$AH49 -> #DIV/0! | AY49: =SUM(AM49,AP49,AS49,AV49) -> 0 | AZ49: =SUM(AN49,AQ49,AT49,AW49) -> 0 | BA49: =SUM(AY49:AZ49) -> 0 | BB49: =(BA49+1)/(AH49+1) -> 1
AB50: Lower clip | AL50: =SUM(AI50:AK50)/AG50 -> #DIV/0! | AO50: =SUM(AM50:AN50)/AH50 -> #DIV/0! | AR50: =(AP50+AQ50)/$AH50 -> #DIV/0! | AU50: =(AS50+AT50)/$AH50 -> #DIV/0! | AX50: =(AV50+AW50)/$AH50 -> #DIV/0! | AY50: =SUM(AM50,AP50,AS50,AV50) -> 0 | AZ50: =SUM(AN50,AQ50,AT50,AW50) -> 0 | BA50: =SUM(AY50:AZ50) -> 0 | BB50: =(BA50+1)/(AH50+1) -> 1
AB51: Upper clip | AC51: 46052 | AD51: 46053 | AE51: 1 | AF51: 477 | AG51: 477 | AH51: 476 | AI51: 0 | AJ51: 1 | AL51: =SUM(AI51:AK51)/AG51 -> 0.0020964361 | AM51: 96 | AN51: 1 | AO51: =SUM(AM51:AN51)/AH51 -> 0.20378151 | AP51: 5 | AQ51: 0 | AR51: =(AP51+AQ51)/$AH51 -> 0.010504202 | AS51: 0 | AT51: 0 | AU51: =(AS51+AT51)/$AH51 -> 0 | AV51: 1 | AW51: 0 | AX51: =(AV51+AW51)/$AH51 -> 0.0021008403 | AY51: =SUM(AM51,AP51,AS51,AV51) -> 102 | AZ51: =SUM(AN51,AQ51,AT51,AW51) -> 1 | BA51: =SUM(AY51:AZ51) -> 103 | BB51: =(BA51+1)/(AH51+1) -> 0.21802935
AF52: =SUM(AF49:AF51) -> 477 | AG52: =SUM(AG49:AG51) -> 477 | AH52: =SUM(AH49:AH51) -> 476 | AI52: =SUM(AI49:AI51) -> 0 | AJ52: =SUM(AJ49:AJ51) -> 1 | AK52: =SUM(AK49:AK51) -> 0 | AM52: =SUM(AM49:AM51) -> 96 | AN52: =SUM(AN49:AN51) -> 1 | AP52: =SUM(AP49:AP51) -> 5 | AQ52: =SUM(AQ49:AQ51) -> 0 | AS52: =SUM(AS49:AS51) -> 0 | AT52: =SUM(AT49:AT51) -> 0 | AV52: =SUM(AV49:AV51) -> 1 | AW52: =SUM(AW49:AW51) -> 0 | AY52: =SUM(AY49:AY51) -> 102 | AZ52: =SUM(AZ49:AZ51) -> 1 | BA52: =SUM(AY52:AZ52) -> 103 | BB52: =(BA52+1)/(AH52+1) -> 0.21802935
AB53: Trial 11
AB54: No clip | AL54: =SUM(AI54:AK54)/AG54 -> #DIV/0! | AO54: =SUM(AM54:AN54)/AH54 -> #DIV/0! | AR54: =(AP54+AQ54)/$AH54 -> #DIV/0! | AU54: =(AS54+AT54)/$AH54 -> #DIV/0! | AX54: =(AV54+AW54)/$AH54 -> #DIV/0! | AY54: =SUM(AM54,AP54,AS54,AV54) -> 0 | AZ54: =SUM(AN54,AQ54,AT54,AW54) -> 0 | BA54: =SUM(AY54:AZ54) -> 0 | BB54: =(BA54+1)/(AH54+1) -> 1
AB55: Lower clip | AL55: =SUM(AI55:AK55)/AG55 -> #DIV/0! | AO55: =SUM(AM55:AN55)/AH55 -> #DIV/0! | AR55: =(AP55+AQ55)/$AH55 -> #DIV/0! | AU55: =(AS55+AT55)/$AH55 -> #DIV/0! | AX55: =(AV55+AW55)/$AH55 -> #DIV/0! | AY55: =SUM(AM55,AP55,AS55,AV55) -> 0 | AZ55: =SUM(AN55,AQ55,AT55,AW55) -> 0 | BA55: =SUM(AY55:AZ55) -> 0 | BB55: =(BA55+1)/(AH55+1) -> 1
AB56: Upper clip | AC56: 46056 | AD56: 46057 | AE56: 1 | AF56: 500 | AG56: 499 | AH56: 497 | AI56: 1 | AJ56: 0 | AK56: 2 | AL56: =SUM(AI56:AK56)/AG56 -> 0.006012024 | AM56: 106 | AN56: 0 | AO56: =SUM(AM56:AN56)/AH56 -> 0.21327968 | AP56: 2 | AQ56: 0 | AR56: =(AP56+AQ56)/$AH56 -> 0.0040241449 | AS56: 0 | AT56: 0 | AU56: =(AS56+AT56)/$AH56 -> 0 | AV56: 0 | AW56: 0 | AX56: =(AV56+AW56)/$AH56 -> 0 | AY56: =SUM(AM56,AP56,AS56,AV56) -> 108 | AZ56: =SUM(AN56,AQ56,AT56,AW56) -> 0 | BA56: =SUM(AY56:AZ56) -> 108 | BB56: =(BA56+1)/(AH56+1) -> 0.2188755
AF57: =SUM(AF54:AF56) -> 500 | AG57: =SUM(AG54:AG56) -> 499 | AH57: =SUM(AH54:AH56) -> 497 | AI57: =SUM(AI54:AI56) -> 1 | AJ57: =SUM(AJ54:AJ56) -> 0 | AK57: =SUM(AK54:AK56) -> 2 | AM57: =SUM(AM54:AM56) -> 106 | AN57: =SUM(AN54:AN56) -> 0 | AP57: =SUM(AP54:AP56) -> 2 | AQ57: =SUM(AQ54:AQ56) -> 0 | AS57: =SUM(AS54:AS56) -> 0 | AT57: =SUM(AT54:AT56) -> 0 | AV57: =SUM(AV54:AV56) -> 0 | AW57: =SUM(AW54:AW56) -> 0 | AY57: =SUM(AY54:AY56) -> 108 | AZ57: =SUM(AZ54:AZ56) -> 0 | BA57: =SUM(AY57:AZ57) -> 108 | BB57: =(BA57+1)/(AH57+1) -> 0.2188755
AB58: Trial 12
AB59: No clip | AL59: =SUM(AI59:AK59)/AG59 -> #DIV/0! | AO59: =SUM(AM59:AN59)/AH59 -> #DIV/0! | AR59: =(AP59+AQ59)/$AH59 -> #DIV/0! | AU59: =(AS59+AT59)/$AH59 -> #DIV/0! | AX59: =(AV59+AW59)/$AH59 -> #DIV/0! | AY59: =SUM(AM59,AP59,AS59,AV59) -> 0 | AZ59: =SUM(AN59,AQ59,AT59,AW59) -> 0 | BA59: =SUM(AY59:AZ59) -> 0 | BB59: =(BA59+1)/(AH59+1) -> 1
AB60: Lower clip | AL60: =SUM(AI60:AK60)/AG60 -> #DIV/0! | AO60: =SUM(AM60:AN60)/AH60 -> #DIV/0! | AR60: =(AP60+AQ60)/$AH60 -> #DIV/0! | AU60: =(AS60+AT60)/$AH60 -> #DIV/0! | AX60: =(AV60+AW60)/$AH60 -> #DIV/0! | AY60: =SUM(AM60,AP60,AS60,AV60) -> 0 | AZ60: =SUM(AN60,AQ60,AT60,AW60) -> 0 | BA60: =SUM(AY60:AZ60) -> 0 | BB60: =(BA60+1)/(AH60+1) -> 1
AB61: Upper clip | AC61: 46059 | AD61: 46060 | AE61: 1 | AF61: 500 | AG61: 496 | AI61: 3 | AJ61: 0 | AL61: =SUM(AI61:AK61)/AG61 -> 0.0060483871 | AM61: 69 | AN61: 0 | AO61: =SUM(AM61:AN61)/AH61 -> #DIV/0! | AP61: 2 | AQ61: 0 | AR61: =(AP61+AQ61)/$AH61 -> #DIV/0! | AS61: 1 | AT61: 0 | AU61: =(AS61+AT61)/$AH61 -> #DIV/0! | AV61: 0 | AW61: 0 | AX61: =(AV61+AW61)/$AH61 -> #DIV/0! | AY61: =SUM(AM61,AP61,AS61,AV61) -> 72 | AZ61: =SUM(AN61,AQ61,AT61,AW61) -> 0 | BA61: =SUM(AY61:AZ61) -> 72 | BB61: =(BA61+1)/(AH61+1) -> 73
AF62: =SUM(AF59:AF61) -> 500 | AG62: =SUM(AG59:AG61) -> 496 | AH62: =SUM(AH59:AH61) -> 0 | AI62: =SUM(AI59:AI61) -> 3 | AJ62: =SUM(AJ59:AJ61) -> 0 | AK62: =SUM(AK59:AK61) -> 0 | AM62: =SUM(AM59:AM61) -> 69 | AN62: =SUM(AN59:AN61) -> 0 | AP62: =SUM(AP59:AP61) -> 2 | AQ62: =SUM(AQ59:AQ61) -> 0 | AS62: =SUM(AS59:AS61) -> 1 | AT62: =SUM(AT59:AT61) -> 0 | AV62: =SUM(AV59:AV61) -> 0 | AW62: =SUM(AW59:AW61) -> 0 | AY62: =SUM(AY59:AY61) -> 72 | AZ62: =SUM(AZ59:AZ61) -> 0 | BA62: =SUM(AY62:AZ62) -> 72 | BB62: =(BA62+1)/(AH62+1) -> 73
AB63: Trial 13
AB64: No clip | AL64: =SUM(AI64:AK64)/AG64 -> #DIV/0! | AO64: =SUM(AM64:AN64)/AH64 -> #DIV/0! | AR64: =(AP64+AQ64)/$AH64 -> #DIV/0! | AU64: =(AS64+AT64)/$AH64 -> #DIV/0! | AX64: =(AV64+AW64)/$AH64 -> #DIV/0! | AY64: =SUM(AM64,AP64,AS64,AV64) -> 0 | AZ64: =SUM(AN64,AQ64,AT64,AW64) -> 0 | BA64: =SUM(AY64:AZ64) -> 0 | BB64: =(BA64+1)/(AH64+1) -> 1
AB65: Lower clip | AL65: =SUM(AI65:AK65)/AG65 -> #DIV/0! | AO65: =SUM(AM65:AN65)/AH65 -> #DIV/0! | AR65: =(AP65+AQ65)/$AH65 -> #DIV/0! | AU65: =(AS65+AT65)/$AH65 -> #DIV/0! | AX65: =(AV65+AW65)/$AH65 -> #DIV/0! | AY65: =SUM(AM65,AP65,AS65,AV65) -> 0 | AZ65: =SUM(AN65,AQ65,AT65,AW65) -> 0 | BA65: =SUM(AY65:AZ65) -> 0 | BB65: =(BA65+1)/(AH65+1) -> 1
AB66: Upper clip | AL66: =SUM(AI66:AK66)/AG66 -> #DIV/0! | AO66: =SUM(AM66:AN66)/AH66 -> #DIV/0! | AR66: =(AP66+AQ66)/$AH66 -> #DIV/0! | AU66: =(AS66+AT66)/$AH66 -> #DIV/0! | AX66: =(AV66+AW66)/$AH66 -> #DIV/0! | AY66: =SUM(AM66,AP66,AS66,AV66) -> 0 | AZ66: =SUM(AN66,AQ66,AT66,AW66) -> 0 | BA66: =SUM(AY66:AZ66) -> 0 | BB66: =(BA66+1)/(AH66+1) -> 1
AF67: =SUM(AF64:AF66) -> 0 | AG67: =SUM(AG64:AG66) -> 0 | AH67: =SUM(AH64:AH66) -> 0 | AI67: =SUM(AI64:AI66) -> 0 | AJ67: =SUM(AJ64:AJ66) -> 0 | AK67: =SUM(AK64:AK66) -> 0 | AM67: =SUM(AM64:AM66) -> 0 | AN67: =SUM(AN64:AN66) -> 0 | AP67: =SUM(AP64:AP66) -> 0 | AQ67: =SUM(AQ64:AQ66) -> 0 | AS67: =SUM(AS64:AS66) -> 0 | AT67: =SUM(AT64:AT66) -> 0 | AV67: =SUM(AV64:AV66) -> 0 | AW67: =SUM(AW64:AW66) -> 0 | AY67: =SUM(AY64:AY66) -> 0 | AZ67: =SUM(AZ64:AZ66) -> 0 | BA67: =SUM(AY67:AZ67) -> 0 | BB67: =(BA67+1)/(AH67+1) -> 1
AB68: Trial 14
AB69: No clip | AL69: =SUM(AI69:AK69)/AG69 -> #DIV/0! | AO69: =SUM(AM69:AN69)/AH69 -> #DIV/0! | AR69: =(AP69+AQ69)/$AH69 -> #DIV/0! | AU69: =(AS69+AT69)/$AH69 -> #DIV/0! | AX69: =(AV69+AW69)/$AH69 -> #DIV/0! | AY69: =SUM(AM69,AP69,AS69,AV69) -> 0 | AZ69: =SUM(AN69,AQ69,AT69,AW69) -> 0 | BA69: =SUM(AY69:AZ69) -> 0 | BB69: =(BA69+1)/(AH69+1) -> 1
AB70: Lower clip | AL70: =SUM(AI70:AK70)/AG70 -> #DIV/0! | AO70: =SUM(AM70:AN70)/AH70 -> #DIV/0! | AR70: =(AP70+AQ70)/$AH70 -> #DIV/0! | AU70: =(AS70+AT70)/$AH70 -> #DIV/0! | AX70: =(AV70+AW70)/$AH70 -> #DIV/0! | AY70: =SUM(AM70,AP70,AS70,AV70) -> 0 | AZ70: =SUM(AN70,AQ70,AT70,AW70) -> 0 | BA70: =SUM(AY70:AZ70) -> 0 | BB70: =(BA70+1)/(AH70+1) -> 1
AB71: Upper clip | AL71: =SUM(AI71:AK71)/AG71 -> #DIV/0! | AO71: =SUM(AM71:AN71)/AH71 -> #DIV/0! | AR71: =(AP71+AQ71)/$AH71 -> #DIV/0! | AU71: =(AS71+AT71)/$AH71 -> #DIV/0! | AX71: =(AV71+AW71)/$AH71 -> #DIV/0! | AY71: =SUM(AM71,AP71,AS71,AV71) -> 0 | AZ71: =SUM(AN71,AQ71,AT71,AW71) -> 0 | BA71: =SUM(AY71:AZ71) -> 0 | BB71: =(BA71+1)/(AH71+1) -> 1
AF72: =SUM(AF69:AF71) -> 0 | AG72: =SUM(AG69:AG71) -> 0 | AH72: =SUM(AH69:AH71) -> 0 | AI72: =SUM(AI69:AI71) -> 0 | AJ72: =SUM(AJ69:AJ71) -> 0 | AK72: =SUM(AK69:AK71) -> 0 | AM72: =SUM(AM69:AM71) -> 0 | AN72: =SUM(AN69:AN71) -> 0 | AP72: =SUM(AP69:AP71) -> 0 | AQ72: =SUM(AQ69:AQ71) -> 0 | AS72: =SUM(AS69:AS71) -> 0 | AT72: =SUM(AT69:AT71) -> 0 | AV72: =SUM(AV69:AV71) -> 0 | AW72: =SUM(AW69:AW71) -> 0 | AY72: =SUM(AY69:AY71) -> 0 | AZ72: =SUM(AZ69:AZ71) -> 0 | BA72: =SUM(AY72:AZ72) -> 0 | BB72: =(BA72+1)/(AH72+1) -> 1
AB73: Trial 15
AB74: No clip | AL74: =SUM(AI74:AK74)/AG74 -> #DIV/0! | AO74: =SUM(AM74:AN74)/AH74 -> #DIV/0! | AR74: =(AP74+AQ74)/$AH74 -> #DIV/0! | AU74: =(AS74+AT74)/$AH74 -> #DIV/0! | AX74: =(AV74+AW74)/$AH74 -> #DIV/0! | AY74: =SUM(AM74,AP74,AS74,AV74) -> 0 | AZ74: =SUM(AN74,AQ74,AT74,AW74) -> 0 | BA74: =SUM(AY74:AZ74) -> 0 | BB74: =(BA74+1)/(AH74+1) -> 1
AB75: Lower clip | AL75: =SUM(AI75:AK75)/AG75 -> #DIV/0! | AO75: =SUM(AM75:AN75)/AH75 -> #DIV/0! | AR75: =(AP75+AQ75)/$AH75 -> #DIV/0! | AU75: =(AS75+AT75)/$AH75 -> #DIV/0! | AX75: =(AV75+AW75)/$AH75 -> #DIV/0! | AY75: =SUM(AM75,AP75,AS75,AV75) -> 0 | AZ75: =SUM(AN75,AQ75,AT75,AW75) -> 0 | BA75: =SUM(AY75:AZ75) -> 0 | BB75: =(BA75+1)/(AH75+1) -> 1
AB76: Upper clip | AL76: =SUM(AI76:AK76)/AG76 -> #DIV/0! | AO76: =SUM(AM76:AN76)/AH76 -> #DIV/0! | AR76: =(AP76+AQ76)/$AH76 -> #DIV/0! | AU76: =(AS76+AT76)/$AH76 -> #DIV/0! | AX76: =(AV76+AW76)/$AH76 -> #DIV/0! | AY76: =SUM(AM76,AP76,AS76,AV76) -> 0 | AZ76: =SUM(AN76,AQ76,AT76,AW76) -> 0 | BA76: =SUM(AY76:AZ76) -> 0 | BB76: =(BA76+1)/(AH76+1) -> 1
AF77: =SUM(AF74:AF76) -> 0 | AG77: =SUM(AG74:AG76) -> 0 | AH77: =SUM(AH74:AH76) -> 0 | AI77: =SUM(AI74:AI76) -> 0 | AJ77: =SUM(AJ74:AJ76) -> 0 | AK77: =SUM(AK74:AK76) -> 0 | AM77: =SUM(AM74:AM76) -> 0 | AN77: =SUM(AN74:AN76) -> 0 | AP77: =SUM(AP74:AP76) -> 0 | AQ77: =SUM(AQ74:AQ76) -> 0 | AS77: =SUM(AS74:AS76) -> 0 | AT77: =SUM(AT74:AT76) -> 0 | AV77: =SUM(AV74:AV76) -> 0 | AW77: =SUM(AW74:AW76) -> 0 | AY77: =SUM(AY74:AY76) -> 0 | AZ77: =SUM(AZ74:AZ76) -> 0 | BA77: =SUM(AY77:AZ77) -> 0 | BB77: =(BA77+1)/(AH77+1) -> 1
AB78: Trial 16
AB79: No clip | AL79: =SUM(AI79:AK79)/AG79 -> #DIV/0! | AO79: =SUM(AM79:AN79)/AH79 -> #DIV/0! | AR79: =(AP79+AQ79)/$AH79 -> #DIV/0! | AU79: =(AS79+AT79)/$AH79 -> #DIV/0! | AX79: =(AV79+AW79)/$AH79 -> #DIV/0! | AY79: =SUM(AM79,AP79,AS79,AV79) -> 0 | AZ79: =SUM(AN79,AQ79,AT79,AW79) -> 0 | BA79: =SUM(AY79:AZ79) -> 0 | BB79: =(BA79+1)/(AH79+1) -> 1
AB80: Lower clip | AL80: =SUM(AI80:AK80)/AG80 -> #DIV/0! | AO80: =SUM(AM80:AN80)/AH80 -> #DIV/0! | AR80: =(AP80+AQ80)/$AH80 -> #DIV/0! | AU80: =(AS80+AT80)/$AH80 -> #DIV/0! | AX80: =(AV80+AW80)/$AH80 -> #DIV/0! | AY80: =SUM(AM80,AP80,AS80,AV80) -> 0 | AZ80: =SUM(AN80,AQ80,AT80,AW80) -> 0 | BA80: =SUM(AY80:AZ80) -> 0 | BB80: =(BA80+1)/(AH80+1) -> 1
AB81: Upper clip | AL81: =SUM(AI81:AK81)/AG81 -> #DIV/0! | AO81: =SUM(AM81:AN81)/AH81 -> #DIV/0! | AR81: =(AP81+AQ81)/$AH81 -> #DIV/0! | AU81: =(AS81+AT81)/$AH81 -> #DIV/0! | AX81: =(AV81+AW81)/$AH81 -> #DIV/0! | AY81: =SUM(AM81,AP81,AS81,AV81) -> 0 | AZ81: =SUM(AN81,AQ81,AT81,AW81) -> 0 | BA81: =SUM(AY81:AZ81) -> 0 | BB81: =(BA81+1)/(AH81+1) -> 1
AF82: =SUM(AF79:AF81) -> 0 | AG82: =SUM(AG79:AG81) -> 0 | AH82: =SUM(AH79:AH81) -> 0 | AI82: =SUM(AI79:AI81) -> 0 | AJ82: =SUM(AJ79:AJ81) -> 0 | AK82: =SUM(AK79:AK81) -> 0 | AM82: =SUM(AM79:AM81) -> 0 | AN82: =SUM(AN79:AN81) -> 0 | AP82: =SUM(AP79:AP81) -> 0 | AQ82: =SUM(AQ79:AQ81) -> 0 | AS82: =SUM(AS79:AS81) -> 0 | AT82: =SUM(AT79:AT81) -> 0 | AV82: =SUM(AV79:AV81) -> 0 | AW82: =SUM(AW79:AW81) -> 0 | AY82: =SUM(AY79:AY81) -> 0 | AZ82: =SUM(AZ79:AZ81) -> 0 | BA82: =SUM(AY82:AZ82) -> 0 | BB82: =(BA82+1)/(AH82+1) -> 1
AB83: Trial 17
AB84: No clip | AL84: =SUM(AI84:AK84)/AG84 -> #DIV/0! | AO84: =SUM(AM84:AN84)/AH84 -> #DIV/0! | AR84: =(AP84+AQ84)/$AH84 -> #DIV/0! | AU84: =(AS84+AT84)/$AH84 -> #DIV/0! | AX84: =(AV84+AW84)/$AH84 -> #DIV/0! | AY84: =SUM(AM84,AP84,AS84,AV84) -> 0 | AZ84: =SUM(AN84,AQ84,AT84,AW84) -> 0 | BA84: =SUM(AY84:AZ84) -> 0 | BB84: =(BA84+1)/(AH84+1) -> 1
AB85: Lower clip | AL85: =SUM(AI85:AK85)/AG85 -> #DIV/0! | AO85: =SUM(AM85:AN85)/AH85 -> #DIV/0! | AR85: =(AP85+AQ85)/$AH85 -> #DIV/0! | AU85: =(AS85+AT85)/$AH85 -> #DIV/0! | AX85: =(AV85+AW85)/$AH85 -> #DIV/0! | AY85: =SUM(AM85,AP85,AS85,AV85) -> 0 | AZ85: =SUM(AN85,AQ85,AT85,AW85) -> 0 | BA85: =SUM(AY85:AZ85) -> 0 | BB85: =(BA85+1)/(AH85+1) -> 1
AB86: Upper clip | AL86: =SUM(AI86:AK86)/AG86 -> #DIV/0! | AO86: =SUM(AM86:AN86)/AH86 -> #DIV/0! | AR86: =(AP86+AQ86)/$AH86 -> #DIV/0! | AU86: =(AS86+AT86)/$AH86 -> #DIV/0! | AX86: =(AV86+AW86)/$AH86 -> #DIV/0! | AY86: =SUM(AM86,AP86,AS86,AV86) -> 0 | AZ86: =SUM(AN86,AQ86,AT86,AW86) -> 0 | BA86: =SUM(AY86:AZ86) -> 0 | BB86: =(BA86+1)/(AH86+1) -> 1
AF87: =SUM(AF84:AF86) -> 0 | AG87: =SUM(AG84:AG86) -> 0 | AH87: =SUM(AH84:AH86) -> 0 | AI87: =SUM(AI84:AI86) -> 0 | AJ87: =SUM(AJ84:AJ86) -> 0 | AK87: =SUM(AK84:AK86) -> 0 | AM87: =SUM(AM84:AM86) -> 0 | AN87: =SUM(AN84:AN86) -> 0 | AP87: =SUM(AP84:AP86) -> 0 | AQ87: =SUM(AQ84:AQ86) -> 0 | AS87: =SUM(AS84:AS86) -> 0 | AT87: =SUM(AT84:AT86) -> 0 | AV87: =SUM(AV84:AV86) -> 0 | AW87: =SUM(AW84:AW86) -> 0 | AY87: =SUM(AY84:AY86) -> 0 | AZ87: =SUM(AZ84:AZ86) -> 0 | BA87: =SUM(AY87:AZ87) -> 0 | BB87: =(BA87+1)/(AH87+1) -> 1
AB88: Trial 18
AB89: No clip | AL89: =SUM(AI89:AK89)/AG89 -> #DIV/0! | AO89: =SUM(AM89:AN89)/AH89 -> #DIV/0! | AR89: =(AP89+AQ89)/$AH89 -> #DIV/0! | AU89: =(AS89+AT89)/$AH89 -> #DIV/0! | AX89: =(AV89+AW89)/$AH89 -> #DIV/0! | AY89: =SUM(AM89,AP89,AS89,AV89) -> 0 | AZ89: =SUM(AN89,AQ89,AT89,AW89) -> 0 | BA89: =SUM(AY89:AZ89) -> 0 | BB89: =(BA89+1)/(AH89+1) -> 1
AB90: Lower clip | AL90: =SUM(AI90:AK90)/AG90 -> #DIV/0! | AO90: =SUM(AM90:AN90)/AH90 -> #DIV/0! | AR90: =(AP90+AQ90)/$AH90 -> #DIV/0! | AU90: =(AS90+AT90)/$AH90 -> #DIV/0! | AX90: =(AV90+AW90)/$AH90 -> #DIV/0! | AY90: =SUM(AM90,AP90,AS90,AV90) -> 0 | AZ90: =SUM(AN90,AQ90,AT90,AW90) -> 0 | BA90: =SUM(AY90:AZ90) -> 0 | BB90: =(BA90+1)/(AH90+1) -> 1
AB91: Upper clip | AL91: =SUM(AI91:AK91)/AG91 -> #DIV/0! | AO91: =SUM(AM91:AN91)/AH91 -> #DIV/0! | AR91: =(AP91+AQ91)/$AH91 -> #DIV/0! | AU91: =(AS91+AT91)/$AH91 -> #DIV/0! | AX91: =(AV91+AW91)/$AH91 -> #DIV/0! | AY91: =SUM(AM91,AP91,AS91,AV91) -> 0 | AZ91: =SUM(AN91,AQ91,AT91,AW91) -> 0 | BA91: =SUM(AY91:AZ91) -> 0 | BB91: =(BA91+1)/(AH91+1) -> 1
AF92: =SUM(AF89:AF91) -> 0 | AG92: =SUM(AG89:AG91) -> 0 | AH92: =SUM(AH89:AH91) -> 0 | AI92: =SUM(AI89:AI91) -> 0 | AJ92: =SUM(AJ89:AJ91) -> 0 | AK92: =SUM(AK89:AK91) -> 0 | AM92: =SUM(AM89:AM91) -> 0 | AN92: =SUM(AN89:AN91) -> 0 | AP92: =SUM(AP89:AP91) -> 0 | AQ92: =SUM(AQ89:AQ91) -> 0 | AS92: =SUM(AS89:AS91) -> 0 | AT92: =SUM(AT89:AT91) -> 0 | AV92: =SUM(AV89:AV91) -> 0 | AW92: =SUM(AW89:AW91) -> 0 | AY92: =SUM(AY89:AY91) -> 0 | AZ92: =SUM(AZ89:AZ91) -> 0 | BA92: =SUM(AY92:AZ92) -> 0 | BB92: =(BA92+1)/(AH92+1) -> 1
AB93: Trial 19
AB94: No clip | AL94: =SUM(AI94:AK94)/AG94 -> #DIV/0! | AO94: =SUM(AM94:AN94)/AH94 -> #DIV/0! | AR94: =(AP94+AQ94)/$AH94 -> #DIV/0! | AU94: =(AS94+AT94)/$AH94 -> #DIV/0! | AX94: =(AV94+AW94)/$AH94 -> #DIV/0! | AY94: =SUM(AM94,AP94,AS94,AV94) -> 0 | AZ94: =SUM(AN94,AQ94,AT94,AW94) -> 0 | BA94: =SUM(AY94:AZ94) -> 0 | BB94: =(BA94+1)/(AH94+1) -> 1
AB95: Lower clip | AL95: =SUM(AI95:AK95)/AG95 -> #DIV/0! | AO95: =SUM(AM95:AN95)/AH95 -> #DIV/0! | AR95: =(AP95+AQ95)/$AH95 -> #DIV/0! | AU95: =(AS95+AT95)/$AH95 -> #DIV/0! | AX95: =(AV95+AW95)/$AH95 -> #DIV/0! | AY95: =SUM(AM95,AP95,AS95,AV95) -> 0 | AZ95: =SUM(AN95,AQ95,AT95,AW95) -> 0 | BA95: =SUM(AY95:AZ95) -> 0 | BB95: =(BA95+1)/(AH95+1) -> 1
AB96: Upper clip | AL96: =SUM(AI96:AK96)/AG96 -> #DIV/0! | AO96: =SUM(AM96:AN96)/AH96 -> #DIV/0! | AR96: =(AP96+AQ96)/$AH96 -> #DIV/0! | AU96: =(AS96+AT96)/$AH96 -> #DIV/0! | AX96: =(AV96+AW96)/$AH96 -> #DIV/0! | AY96: =SUM(AM96,AP96,AS96,AV96) -> 0 | AZ96: =SUM(AN96,AQ96,AT96,AW96) -> 0 | BA96: =SUM(AY96:AZ96) -> 0 | BB96: =(BA96+1)/(AH96+1) -> 1
AF97: =SUM(AF94:AF96) -> 0 | AG97: =SUM(AG94:AG96) -> 0 | AH97: =SUM(AH94:AH96) -> 0 | AI97: =SUM(AI94:AI96) -> 0 | AJ97: =SUM(AJ94:AJ96) -> 0 | AK97: =SUM(AK94:AK96) -> 0 | AM97: =SUM(AM94:AM96) -> 0 | AN97: =SUM(AN94:AN96) -> 0 | AP97: =SUM(AP94:AP96) -> 0 | AQ97: =SUM(AQ94:AQ96) -> 0 | AS97: =SUM(AS94:AS96) -> 0 | AT97: =SUM(AT94:AT96) -> 0 | AV97: =SUM(AV94:AV96) -> 0 | AW97: =SUM(AW94:AW96) -> 0 | AY97: =SUM(AY94:AY96) -> 0 | AZ97: =SUM(AZ94:AZ96) -> 0 | BA97: =SUM(AY97:AZ97) -> 0 | BB97: =(BA97+1)/(AH97+1) -> 1
AB98: Trial 20
AB99: No clip | AL99: =SUM(AI99:AK99)/AG99 -> #DIV/0! | AO99: =SUM(AM99:AN99)/AH99 -> #DIV/0! | AR99: =(AP99+AQ99)/$AH99 -> #DIV/0! | AU99: =(AS99+AT99)/$AH99 -> #DIV/0! | AX99: =(AV99+AW99)/$AH99 -> #DIV/0! | AY99: =SUM(AM99,AP99,AS99,AV99) -> 0 | AZ99: =SUM(AN99,AQ99,AT99,AW99) -> 0 | BA99: =SUM(AY99:AZ99) -> 0 | BB99: =(BA99+1)/(AH99+1) -> 1
AB100: Lower clip | AL100: =SUM(AI100:AK100)/AG100 -> #DIV/0! | AO100: =SUM(AM100:AN100)/AH100 -> #DIV/0! | AR100: =(AP100+AQ100)/$AH100 -> #DIV/0! | AU100: =(AS100+AT100)/$AH100 -> #DIV/0! | AX100: =(AV100+AW100)/$AH100 -> #DIV/0! | AY100: =SUM(AM100,AP100,AS100,AV100) -> 0 | AZ100: =SUM(AN100,AQ100,AT100,AW100) -> 0 | BA100: =SUM(AY100:AZ100) -> 0 | BB100: =(BA100+1)/(AH100+1) -> 1
...

Sheet LCC CHN 25-26
A1: Lower Clear Creek CHN 2025-2026 | I1: Do not enter data into blue shaded cells | AB1: Lower Clear Creek Chinook Salmon
A2: Trial | B2: Mark date | C2: Release date | D2: Days held | E2: Number held | F2: Number marked | G2: Number released | H2: Pre-mark mortalities | I2: Marking mortalities | J2: Post-mark mortalities | K2: Predation / Trap mortalities | L2: Total mortalities | M2: Percent mortality | N2: Number caught day 1 | O2: Percent caught day 1 | P2: Number caught day 2 | Q2: Percent caught day 2 | R2: Number caught day 3 | S2: Percent caught day 3 | T2: Number caught day 4 | U2: Percent caught day 4 | V2: Total live recaptures | W2: Total recaptured | X2: Bailey's efficiency | Y2: Race | Z2: Origin | AB2: Mark type | AC2: Mark date | AD2: Release date | AE2: Days held | AF2: Number held | AG2: Number marked | AH2: Number released | AI2: Pre-mark mortalities | AJ2: Marking mortalities | AK2: Post-mark mortalities | AL2: Percent mortality | AM2: Number live caught day 1 | AN2: Number mortalities caught day 1 | AO2: Percent caught day 1 | AP2: Number live caught day 2 | AQ2: Number mortalities caught day 2 | AR2: Percent caught day 2 | AS2: Number live caught day 3 | AT2: Number mortalities caught day 3 | AU2: Percent caught day 3 | AV2: Number live caught day 4 | AW2: Number mortalities caught day 4 | AX2: Percent caught day 4 | AY2: Total live recaptured | AZ2: Total mortalities recaptured | BA2: Total recaptured | BB2: Bailey's efficiency | BC2: Race | BD2: Origin
A3: 1 | B3: 45989 | C3: 45990 | D3: 1 | E3: =AF7 -> 506 | F3: =AG7 -> 278 | G3: =AH7 -> 276 | H3: =AI7 -> 2 | I3: =AJ7 -> 0 | J3: =AK7 -> 2 | K3: =AZ7 -> 1 | L3: =SUM(H3:K3) -> 5 | M3: =L3/E3 -> 0.0098814229 | N3: =AM7+AN7 -> 22 | O3: =N3/G3 -> 0.079710145 | P3: =SUM(AO7:AP7) -> 16 | Q3: =P3/G3 -> 0.057971014 | R3: =SUM(AR7:AS7) -> 2 | S3: =R3/G3 -> 0.0072463768 | T3: =SUM(AU7:AV7) -> 0 | U3: =T3/G3 -> 0 | V3: =AX7 -> 0 | W3: =BA7 -> 40 | X3: =(W3+1)/(G3+1) -> 0.14801444 | Y3: SCS | Z3: LCC UCC | AB3: Trial 1
A4: 2 | B4: 45993 | C4: 45994 | D4: 1 | E4: =AF10 -> 608 | F4: =AG10 -> 273 | G4: =AH10 -> 273 | H4: =AI12 -> 0 | I4: =AJ12 -> 0 | J4: =AK12 -> 0 | K4: =AZ12 -> 0 | L4: =SUM(H4:K4) -> 0 | M4: =L4/E4 -> 0 | N4: =AM12+AN12 -> 46 | O4: =N4/G4 -> 0.16849817 | P4: =SUM(AO12:AP12) -> 1 | Q4: =P4/G4 -> 0.0036630037 | R4: =SUM(AR12:AS12) -> 0 | S4: =R4/G4 -> 0 | T4: =SUM(AU12:AV12) -> 0 | U4: =T4/G4 -> 0 | V4: =AX12 -> 0 | W4: =BA12 -> 47 | X4: =(W4+1)/(G4+1) -> 0.17518248 | Y4: SCS | Z4: LCC UCC | AB4: No clip | AL4: =SUM(AI4:AK4)/AG4 -> #DIV/0! | AO4: =SUM(AM4:AN4)/AH4 -> #DIV/0! | AR4: =(AP4+AQ4)/$AH4 -> #DIV/0! | AU4: =(AS4+AT4)/$AH4 -> #DIV/0! | AX4: =(AV4+AW4)/$AH4 -> #DIV/0! | AY4: =SUM(AM4,AP4,AS4,AV4) -> 0 | AZ4: =SUM(AN4,AQ4,AT4,AW4) -> 0 | BA4: =SUM(AY4:AZ4) -> 0 | BB4: =(BA4+1)/(AH4+1) -> 1
A5: 3 | B5: 45996 | C5: 45997 | D5: 1 | E5: =AF17 -> 529 | F5: =AG17 -> 529 | G5: =AH17 -> 528 | H5: =AI17 -> 4 | I5: =AJ17 -> 0 | J5: =AK17 -> 0 | K5: =AZ17 -> 0 | L5: =SUM(H5:K5) -> 4 | M5: =L5/E5 -> 0.0075614367 | N5: =AM17+AN17 -> 28 | O5: =N5/G5 -> 0.053030303 | P5: =SUM(AO17:AP17) -> 5 | Q5: =P5/G5 -> 0.009469697 | R5: =SUM(AR17:AS17) -> 3 | S5: =R5/G5 -> 0.0056818182 | T5: =SUM(AU17:AV17) -> 0 | U5: =T5/G5 -> 0 | V5: =AX17 -> 0 | W5: =BA17 -> 36 | X5: =(W5+1)/(G5+1) -> 0.069943289 | Y5: SCS | Z5: LCC UCC | AB5: Lower clip | AC5: 45989 | AD5: 45990 | AE5: 1 | AF5: 506 | AG5: 278 | AH5: 276 | AI5: 2 | AJ5: 0 | AK5: 2 | AL5: =SUM(AI5:AK5)/AG5 -> 0.014388489 | AM5: 21 | AN5: 1 | AO5: =SUM(AM5:AN5)/AH5 -> 0.079710145 | AP5: 16 | AQ5: 0 | AR5: =(AP5+AQ5)/$AH5 -> 0.057971014 | AS5: 2 | AT5: 0 | AU5: =(AS5+AT5)/$AH5 -> 0.0072463768 | AV5: 0 | AW5: 0 | AX5: =(AV5+AW5)/$AH5 -> 0 | AY5: =SUM(AM5,AP5,AS5,AV5) -> 39 | AZ5: =SUM(AN5,AQ5,AT5,AW5) -> 1 | BA5: =SUM(AY5:AZ5) -> 40 | BB5: =(BA5+1)/(AH5+1) -> 0.14801444 | BC5: SCS | BD5: UCC LCC
A6: 4 | B6: 46000 | C6: 46001 | D6: 1 | E6: =AF22 -> 481 | F6: =AG22 -> 467 | G6: =AH22 -> 465 | H6: =AI22 -> 0 | I6: =AJ22 -> 4 | J6: =AK22 -> 1 | K6: =AZ22 -> 0 | L6: =SUM(H6:K6) -> 5 | M6: =L6/E6 -> 0.01039501 | N6: =AL22+AM22 -> 28 | O6: =N6/G6 -> 0.060215054 | P6: =SUM(AO22:AP22) -> 2 | Q6: =P6/G6 -> 0.0043010753 | R6: =SUM(AR22:AS22) -> 1 | S6: =R6/G6 -> 0.0021505376 | T6: =SUM(AU22:AV22) -> 0 | U6: =T6/G6 -> 0 | V6: =AX22 -> 0 | W6: =BA22 -> 31 | X6: =(W6+1)/(G6+1) -> 0.068669528 | Y6: SCS | Z6: LCC UCC | AB6: Upper clip | AL6: =SUM(AI6:AK6)/AG6 -> #DIV/0! | AO6: =SUM(AM6:AN6)/AH6 -> #DIV/0! | AR6: =(AP6+AQ6)/$AH6 -> #DIV/0! | AU6: =(AS6+AT6)/$AH6 -> #DIV/0! | AX6: =(AV6+AW6)/$AH6 -> #DIV/0! | BB6: =(BA6+1)/(AH6+1) -> 1
A7: 5 | B7: 46003 | C7: 46004 | D7: 1 | E7: =AF27 -> 499 | F7: =AG27 -> 495 | G7: =AH27 -> 496 | H7: =AI27 -> 1 | I7: =AJ27 -> 0 | J7: =AK27 -> 0 | K7: =AZ27 -> 0 | L7: =SUM(H7:K7) -> 1 | M7: =L7/E7 -> 0.002004008 | N7: =AL27+AM27 -> 14 | O7: =N7/G7 -> 0.028225806 | P7: =SUM(AO27:AP27) -> 7 | Q7: =P7/G7 -> 0.014112903 | R7: =SUM(AR27:AS27) -> 0 | S7: =R7/G7 -> 0 | T7: =SUM(AU27:AV27) -> 0 | U7: =T7/G7 -> 0 | V7: =AX27 -> 0 | W7: =BA27 -> 21 | X7: =(W7+1)/(G7+1) -> 0.044265594 | Y7: SCS | Z7: LCC UCC | AF7: =SUM(AF4:AF6) -> 506 | AG7: =SUM(AG4:AG6) -> 278 | AH7: =SUM(AH4:AH6) -> 276 | AI7: =SUM(AI4:AI6) -> 2 | AJ7: =SUM(AJ4:AJ6) -> 0 | AK7: =SUM(AK4:AK6) -> 2 | AM7: =SUM(AM4:AM6) -> 21 | AN7: =SUM(AN4:AN6) -> 1 | AP7: =SUM(AP4:AP6) -> 16 | AQ7: =SUM(AQ4:AQ6) -> 0 | AS7: =SUM(AS4:AS6) -> 2 | AT7: =SUM(AT4:AT6) -> 0 | AV7: =SUM(AV4:AV6) -> 0 | AW7: =SUM(AW4:AW6) -> 0 | AY7: =SUM(AY4:AY6) -> 39 | AZ7: =SUM(AZ4:AZ6) -> 1 | BA7: =SUM(AY7:AZ7) -> 40 | BB7: =(BA7+1)/(AH7+1) -> 0.14801444
A8: 6 | B8: 46038 | C8: 46039 | D8: 1 | E8: =AF32 -> 493 | F8: =AG32 -> 493 | G8: =AH32 -> 503 | H8: =AI32 -> 7 | I8: =AJ32 -> 0 | J8: =AK32 -> 1 | K8: =AZ32 -> 0 | L8: =SUM(H8:K8) -> 8 | M8: =L8/E8 -> 0.016227181 | N8: =AL32+AM32 -> 8 | O8: =N8/G8 -> 0.015904573 | P8: =SUM(AO32:AP32) -> 0 | Q8: =P8/G8 -> 0 | R8: =SUM(AR32:AS32) -> 0 | S8: =R8/G8 -> 0 | T8: =SUM(AU32:AV32) -> 0 | U8: =T8/G8 -> 0 | V8: =AX32 -> 0 | W8: =BA32 -> 8 | X8: =(W8+1)/(G8+1) -> 0.017857143 | Y8: SCS | Z8: LCC | AB8: Trial 2
A9: 7 | B9: 46042 | C9: 46043 | D9: 1 | E9: =AF37 -> 539 | F9: =AG37 -> 535 | G9: =AH37 -> 531 | H9: =AI37 -> 0 | I9: =AJ37 -> 0 | J9: =AK37 -> 3 | K9: =AZ37 -> 0 | L9: =SUM(H9:K9) -> 3 | M9: =L9/E9 -> 0.0055658627 | N9: =AL37+AM37 -> 7 | O9: =N9/G9 -> 0.013182674 | P9: =SUM(AO37:AP37) -> 1 | Q9: =P9/G9 -> 0.0018832392 | R9: =SUM(AR37:AS37) -> 0 | S9: =R9/G9 -> 0 | T9: =SUM(AU37:AV37) -> 0 | U9: =T9/G9 -> 0 | V9: =AX37 -> 0 | W9: =BA37 -> 8 | X9: =(W9+1)/(G9+1) -> 0.016917293 | Y9: SCS | Z9: LCC | AB9: No clip | AL9: =SUM(AI9:AK9)/AG9 -> #DIV/0! | AO9: =SUM(AM9:AN9)/AH9 -> #DIV/0! | AR9: =(AP9+AQ9)/$AH9 -> #DIV/0! | AU9: =(AS9+AT9)/$AH9 -> #DIV/0! | AX9: =(AV9+AW9)/$AH9 -> #DIV/0! | AY9: =SUM(AM9,AP9,AS9,AV9) -> 0 | AZ9: =SUM(AN9,AQ9,AT9,AW9) -> 0 | BA9: =SUM(AY9:AZ9) -> 0 | BB9: =(BA9+1)/(AH9+1) -> 1
A10: 8 | B10: 46045 | C10: 46046 | E10: =AF42 -> 1028 | F10: =AG42 -> 512 | G10: =AH42 -> 503 | H10: =AI42 -> 0 | I10: =AJ42 -> 2 | J10: =AK42 -> 0 | K10: =AZ42 -> 0 | L10: =SUM(H10:K10) -> 2 | M10: =L10/E10 -> 0.0019455253 | N10: =AL42+AM42 -> 7 | O10: =N10/G10 -> 0.013916501 | P10: =SUM(AO42:AP42) -> 0 | Q10: =P10/G10 -> 0 | R10: =SUM(AR42:AS42) -> 0 | S10: =R10/G10 -> 0 | T10: =SUM(AU42:AV42) -> 0 | U10: =T10/G10 -> 0 | V10: =AX42 -> 0 | W10: =BA42 -> 7 | X10: =(W10+1)/(G10+1) -> 0.015873016 | AB10: Lower clip | AC10: 45993 | AD10: 45994 | AE10: 1 | AF10: 608 | AG10: 273 | AH10: 273 | AI10: 0 | AJ10: 0 | AK10: 0 | AL10: =SUM(AI10:AK10)/AG10 -> 0 | AM10: 46 | AN10: 0 | AO10: =SUM(AM10:AN10)/AH10 -> 0.16849817 | AP10: 1 | AQ10: 0 | AR10: =(AP10+AQ10)/$AH10 -> 0.0036630037 | AS10: 0 | AT10: 0 | AU10: =(AS10+AT10)/$AH10 -> 0 | AV10: 0 | AW10: 0 | AX10: =(AV10+AW10)/$AH10 -> 0 | AY10: =SUM(AM10,AP10,AS10,AV10) -> 47 | AZ10: =SUM(AN10,AQ10,AT10,AW10) -> 0 | BA10: =SUM(AY10:AZ10) -> 47 | BB10: =(BA10+1)/(AH10+1) -> 0.17518248 | BC10: SCS | BD10: UCC LCC
A11: 9 | B11: 46052 | C11: 46053 | D11: 2 | E11: =AF47 -> 509 | F11: =AG47 -> 505 | G11: =AH47 -> 503 | H11: =AI47 -> 4 | I11: =AJ47 -> 0 | J11: =AK47 -> 2 | K11: =AZ47 -> 0 | L11: =SUM(H11:K11) -> 6 | M11: =L11/E11 -> 0.011787819 | N11: =AL47+AM47 -> 11 | O11: =N11/G11 -> 0.021868787 | P11: =SUM(AO47:AP47) -> 0 | Q11: =P11/G11 -> 0 | R11: =SUM(AR47:AS47) -> 0 | S11: =R11/G11 -> 0 | T11: =SUM(AU47:AV47) -> 0 | U11: =T11/G11 -> 0 | V11: =AX47 -> 0 | W11: =BA47 -> 11 | X11: =(W11+1)/(G11+1) -> 0.023809524 | Y11: ? | Z11: LCC | AB11: Upper clip | AL11: =SUM(AI11:AK11)/AG11 -> #DIV/0! | AO11: =SUM(AM11:AN11)/AH11 -> #DIV/0! | AR11: =(AP11+AQ11)/$AH11 -> #DIV/0! | AU11: =(AS11+AT11)/$AH11 -> #DIV/0! | AX11: =(AV11+AW11)/$AH11 -> #DIV/0! | AY11: =SUM(AM11,AP11,AS11,AV11) -> 0 | AZ11: =SUM(AN11,AQ11,AT11,AW11) -> 0 | BA11: =SUM(AY11:AZ11) -> 0 | BB11: =(BA11+1)/(AH11+1) -> 1
A12: 10 | B12: 46056 | C12: 46057 | D12: 1 | E12: =AF52 -> 501 | F12: =AG52 -> 499 | G12: =AH52 -> 498 | H12: =AI52 -> 1 | I12: =AJ52 -> 0 | J12: =AK52 -> 1 | K12: =AZ52 -> 0 | L12: =SUM(H12:K12) -> 2 | M12: =L12/E12 -> 0.003992016 | N12: =AL52+AM52 -> 3 | O12: =N12/G12 -> 0.0060240964 | P12: =SUM(AO52:AP52) -> 0 | Q12: =P12/G12 -> 0 | R12: =SUM(AR52:AS52) -> 3 | S12: =R12/G12 -> 0.0060240964 | T12: =SUM(AU52:AV52) -> 0 | U12: =T12/G12 -> 0 | V12: =AX52 -> 0 | W12: =BA52 -> 6 | X12: =(W12+1)/(G12+1) -> 0.014028056 | Y12: FCS | Z12: LCC | AF12: =SUM(AF9:AF11) -> 608 | AG12: =SUM(AG9:AG11) -> 273 | AH12: =SUM(AH9:AH11) -> 273 | AI12: =SUM(AI9:AI11) -> 0 | AJ12: =SUM(AJ9:AJ11) -> 0 | AK12: =SUM(AK9:AK11) -> 0 | AM12: =SUM(AM9:AM11) -> 46 | AN12: =SUM(AN9:AN11) -> 0 | AP12: =SUM(AP9:AP11) -> 1 | AQ12: =SUM(AQ9:AQ11) -> 0 | AS12: =SUM(AS9:AS11) -> 0 | AT12: =SUM(AT9:AT11) -> 0 | AV12: =SUM(AV9:AV11) -> 0 | AW12: =SUM(AW9:AW11) -> 0 | AY12: =SUM(AY9:AY11) -> 47 | AZ12: =SUM(AZ9:AZ11) -> 0 | BA12: =SUM(AY12:AZ12) -> 47 | BB12: =(BA12+1)/(AH12+1) -> 0.17518248
A13: 11 | B13: 46059 | C13: 46060 | D13: 1 | E13: =AF57 -> 500 | F13: =AG57 -> 498 | G13: =AH57 -> 491 | H13: =AI57 -> 1 | I13: =AJ57 -> 0 | J13: =AK57 -> 5 | K13: =AZ57 -> 0 | L13: =SUM(H13:K13) -> 6 | M13: =L13/E13 -> 0.012 | N13: =AL57+AM57 -> 1 | O13: =N13/G13 -> 0.0020366599 | P13: =SUM(AO57:AP57) -> 1 | Q13: =P13/G13 -> 0.0020366599 | R13: =SUM(AR57:AS57) -> 0 | S13: =R13/G13 -> 0 | T13: =SUM(AU57:AV57) -> 0 | U13: =T13/G13 -> 0 | V13: =AX57 -> 0 | W13: =BA57 -> 2 | X13: =(W13+1)/(G13+1) -> 0.006097561 | Y13: FCS | Z13: LCC | AB13: Trial 3
A14: 12 | B14: 46063 | C14: 46063 | D14: 2 | E14: =AF62 -> 424 | F14: =AG62 -> 424 | G14: =AH62 -> 415 | H14: =AI62 -> 6 | I14: =AJ62 -> 0 | J14: =AK62 -> 0 | K14: =AZ62 -> 0 | L14: =SUM(H14:K14) -> 6 | M14: =L14/E14 -> 0.014150943 | N14: =AL62+AM62 -> 4 | O14: =N14/G14 -> 0.0096385542 | P14: =SUM(AO62:AP62) -> 2 | Q14: =P14/G14 -> 0.0048192771 | R14: =SUM(AR62:AS62) -> 0 | S14: =R14/G14 -> 0 | T14: =SUM(AU62:AV62) -> 0 | U14: =T14/G14 -> 0 | V14: =AX62 -> 0 | W14: =BA62 -> 6 | X14: =(W14+1)/(G14+1) -> 0.016826923 | Y14: FCS | Z14: LCC | AB14: No clip | AL14: =SUM(AI14:AK14)/AG14 -> #DIV/0! | AO14: =SUM(AM14:AN14)/AH14 -> #DIV/0! | AR14: =(AP14+AQ14)/$AH14 -> #DIV/0! | AU14: =(AS14+AT14)/$AH14 -> #DIV/0! | AX14: =(AV14+AW14)/$AH14 -> #DIV/0! | AY14: =SUM(AM14,AP14,AS14,AV14) -> 0 | AZ14: =SUM(AN14,AQ14,AT14,AW14) -> 0 | BA14: =SUM(AY14:AZ14) -> 0 | BB14: =(BA14+1)/(AH14+1) -> 1
A15: 13 | B15: 46063 | C15: 46063 | E15: =AF67 -> 472 | F15: =AG67 -> 472 | G15: =AH67 -> 461 | H15: =AI67 -> 3 | I15: =AJ67 -> 0 | J15: =AK67 -> 0 | K15: =AZ67 -> 0 | L15: =SUM(H15:K15) -> 3 | M15: =L15/E15 -> 0.0063559322 | N15: =AL67+AM67 -> 3 | O15: =N15/G15 -> 0.0065075922 | P15: =SUM(AO67:AP67) -> 2 | Q15: =P15/G15 -> 0.0043383948 | R15: =SUM(AR67:AS67) -> 1 | S15: =R15/G15 -> 0.0021691974 | T15: =SUM(AU67:AV67) -> 0 | U15: =T15/G15 -> 0 | V15: =AX67 -> 0 | W15: =BA67 -> 6 | X15: =(W15+1)/(G15+1) -> 0.015151515 | AB15: Lower clip | AC15: 45996 | AD15: 45997 | AE15: 1 | AF15: 529 | AG15: 529 | AH15: 528 | AI15: 4 | AJ15: 0 | AK15: 0 | AL15: =SUM(AI15:AK15)/AG15 -> 0.0075614367 | AM15: 28 | AN15: 0 | AO15: =SUM(AM15:AN15)/AH15 -> 0.053030303 | AP15: 5 | AQ15: 0 | AR15: =(AP15+AQ15)/$AH15 -> 0.009469697 | AS15: 3 | AT15: 0 | AU15: =(AS15+AT15)/$AH15 -> 0.0056818182 | AV15: 0 | AW15: 0 | AX15: =(AV15+AW15)/$AH15 -> 0 | AY15: =SUM(AM15,AP15,AS15,AV15) -> 36 | AZ15: =SUM(AN15,AQ15,AT15,AW15) -> 0 | BA15: =SUM(AY15:AZ15) -> 36 | BB15: =(BA15+1)/(AH15+1) -> 0.069943289
A16: 14 | B16: 46066 | C16: 46066 | D16: 2 | E16: =AF72 -> 520 | F16: =AG72 -> 510 | G16: =AH72 -> 510 | H16: =AI72 -> 5 | I16: =AJ72 -> 0 | J16: =AK72 -> 0 | K16: =AZ72 -> 0 | L16: =SUM(H16:K16) -> 5 | M16: =L16/E16 -> 0.0096153846 | N16: =AL72+AM72 -> 6 | O16: =N16/G16 -> 0.011764706 | P16: =SUM(AO72:AP72) -> 3 | Q16: =P16/G16 -> 0.0058823529 | R16: =SUM(AR72:AS72) -> 1 | S16: =R16/G16 -> 0.0019607843 | T16: =SUM(AU72:AV72) -> 0 | U16: =T16/G16 -> 0 | V16: =AX72 -> 0 | W16: =BA72 -> 10 | X16: =(W16+1)/(G16+1) -> 0.021526419 | Y16: FCS | Z16: LCC | AB16: Upper clip | AL16: =SUM(AI16:AK16)/AG16 -> #DIV/0! | AO16: =SUM(AM16:AN16)/AH16 -> #DIV/0! | AR16: =(AP16+AQ16)/$AH16 -> #DIV/0! | AU16: =(AS16+AT16)/$AH16 -> #DIV/0! | AX16: =(AV16+AW16)/$AH16 -> #DIV/0! | AY16: =SUM(AM16,AP16,AS16,AV16) -> 0 | AZ16: =SUM(AN16,AQ16,AT16,AW16) -> 0 | BA16: =SUM(AY16:AZ16) -> 0 | BB16: =(BA16+1)/(AH16+1) -> 1
A17: 15 | B17: 46066 | C17: 46066 | D17: 2 | E17: =AF77 -> 520 | F17: =AG77 -> 512 | G17: =AH77 -> 512 | H17: =AI77 -> 1 | I17: =AJ77 -> 0 | J17: =AK77 -> 0 | K17: =AZ77 -> 0 | L17: =SUM(H17:K17) -> 1 | M17: =L17/E17 -> 0.0019230769 | N17: =AL77+AM77 -> 5 | O17: =N17/G17 -> 0.009765625 | P17: =SUM(AO77:AP77) -> 1 | Q17: =P17/G17 -> 0.001953125 | R17: =SUM(AR77:AS77) -> 1 | S17: =R17/G17 -> 0.001953125 | T17: =SUM(AU77:AV77) -> 1 | U17: =T17/G17 -> 0.001953125 | V17: =AX77 -> 0 | W17: =BA77 -> 8 | X17: =(W17+1)/(G17+1) -> 0.01754386 | Y17: FCS | Z17: LCC | AF17: =SUM(AF14:AF16) -> 529 | AG17: =SUM(AG14:AG16) -> 529 | AH17: =SUM(AH14:AH16) -> 528 | AI17: =SUM(AI14:AI16) -> 4 | AJ17: =SUM(AJ14:AJ16) -> 0 | AK17: =SUM(AK14:AK16) -> 0 | AM17: =SUM(AM14:AM16) -> 28 | AN17: =SUM(AN14:AN16) -> 0 | AP17: =SUM(AP14:AP16) -> 5 | AQ17: =SUM(AQ14:AQ16) -> 0 | AS17: =SUM(AS14:AS16) -> 3 | AT17: =SUM(AT14:AT16) -> 0 | AV17: =SUM(AV14:AV16) -> 0 | AW17: =SUM(AW14:AW16) -> 0 | AY17: =SUM(AY14:AY16) -> 36 | AZ17: =SUM(AZ14:AZ16) -> 0 | BA17: =SUM(AY17:AZ17) -> 36 | BB17: =(BA17+1)/(AH17+1) -> 0.069943289
A18: 16 | B18: 46090 | C18: 46091 | D18: 3 | E18: =AF82 -> 123 | F18: =AG82 -> 99 | G18: =AH82 -> 94 | H18: =AI82 -> 0 | I18: =AJ82 -> 0 | J18: =AK82 -> 5 | K18: =AZ82 -> 0 | L18: =SUM(H18:K18) -> 5 | M18: =L18/E18 -> 0.040650407 | N18: =AL82+AM82 -> 5 | O18: =N18/G18 -> 0.053191489 | P18: =SUM(AO82:AP82) -> 2 | Q18: =P18/G18 -> 0.021276596 | R18: =SUM(AR82:AS82) -> 1 | S18: =R18/G18 -> 0.010638298 | T18: =SUM(AU82:AV82) -> 0 | U18: =T18/G18 -> 0 | V18: =AX82 -> 0 | W18: =BA82 -> 8 | X18: =(W18+1)/(G18+1) -> 0.094736842 | Y18: FCS | Z18: LCC | AB18: Trial 4
A19: 17 | D19: 3 | E19: =AF87 -> 0 | F19: =AG87 -> 0 | G19: =AH87 -> 0 | H19: =AI87 -> 0 | I19: =AJ87 -> 0 | J19: =AK887 -> 0 | K19: =AZ87 -> 0 | L19: =SUM(H19:K19) -> 0 | M19: =L19/E19 -> #DIV/0! | N19: =AL87+AM87 -> 0 | O19: =N19/G19 -> #DIV/0! | P19: =SUM(AO87:AP87) -> 0 | Q19: =P19/G19 -> #DIV/0! | R19: =SUM(AR87:AS87) -> 0 | S19: =R19/G19 -> #DIV/0! | T19: =SUM(AU87:AV87) -> 0 | U19: =T19/G19 -> #DIV/0! | V19: =AX87 -> 0 | W19: =BA87 -> 0 | X19: =(W19+1)/(G19+1) -> 1 | AB19: No clip | AL19: =SUM(AI19:AK19)/AG19 -> #DIV/0! | AO19: =SUM(AM19:AN19)/AH19 -> #DIV/0! | AR19: =(AP19+AQ19)/$AH19 -> #DIV/0! | AU19: =(AS19+AT19)/$AH19 -> #DIV/0! | AX19: =(AV19+AW19)/$AH19 -> #DIV/0! | AY19: =SUM(AM19,AP19,AS19,AV19) -> 0 | AZ19: =SUM(AN19,AQ19,AT19,AW19) -> 0 | BA19: =SUM(AY19:AZ19) -> 0 | BB19: =(BA19+1)/(AH19+1) -> 1
A20: 18 | E20: =AF92 -> 0 | F20: =AG92 -> 0 | G20: =AH92 -> 0 | H20: =AI92 -> 0 | I20: =AJ92 -> 0 | J20: =AK92 -> 0 | K20: =AZ92 -> 0 | L20: =SUM(H20:K20) -> 0 | M20: =L20/E20 -> #DIV/0! | N20: =AL92+AM92 -> 0 | O20: =N20/G20 -> #DIV/0! | P20: =SUM(AO92:AP92) -> 0 | Q20: =P20/G20 -> #DIV/0! | R20: =SUM(AR92:AS92) -> 0 | S20: =R20/G20 -> #DIV/0! | T20: =SUM(AU92:AV92) -> 0 | U20: =T20/G20 -> #DIV/0! | V20: =AX92 -> 0 | W20: =BA92 -> 0 | X20: =(W20+1)/(G20+1) -> 1 | AB20: Lower clip | AC20: 46000 | AD20: 46001 | AE20: 1 | AF20: 481 | AG20: 467 | AH20: 465 | AI20: 0 | AJ20: 4 | AK20: 1 | AL20: =SUM(AI20:AK20)/AG20 -> 0.010706638 | AM20: 28 | AN20: 0 | AO20: =SUM(AM20:AN20)/AH20 -> 0.060215054 | AP20: 2 | AQ20: 0 | AR20: =(AP20+AQ20)/$AH20 -> 0.0043010753 | AS20: 1 | AT20: 0 | AU20: =(AS20+AT20)/$AH20 -> 0.0021505376 | AV20: 0 | AW20: 0 | AX20: =(AV20+AW20)/$AH20 -> 0 | AY20: =SUM(AM20,AP20,AS20,AV20) -> 31 | AZ20: =SUM(AN20,AQ20,AT20,AW20) -> 0 | BA20: =SUM(AY20:AZ20) -> 31 | BB20: =(BA20+1)/(AH20+1) -> 0.068669528
A21: 19 | E21: =AF97 -> 0 | F21: =AG97 -> 0 | G21: =AH97 -> 0 | H21: =AI97 -> 0 | I21: =AJ97 -> 0 | J21: =AK97 -> 0 | K21: =AZ97 -> 0 | L21: =SUM(H21:K21) -> 0 | M21: =L21/E21 -> #DIV/0! | N21: =AL97+AM97 -> 0 | O21: =N21/G21 -> #DIV/0! | P21: =SUM(AO97:AP97) -> 0 | Q21: =P21/G21 -> #DIV/0! | R21: =SUM(AR97:AS97) -> 0 | S21: =R21/G21 -> #DIV/0! | T21: =SUM(AU97:AV97) -> 0 | U21: =T21/G21 -> #DIV/0! | V21: =AX97 -> 0 | W21: =AB97 -> 0 | X21: =(W21+1)/(G21+1) -> 1 | AB21: Upper clip | AL21: =SUM(AI21:AK21)/AG21 -> #DIV/0! | AO21: =SUM(AM21:AN21)/AH21 -> #DIV/0! | AR21: =(AP21+AQ21)/$AH21 -> #DIV/0! | AU21: =(AS21+AT21)/$AH21 -> #DIV/0! | AX21: =(AV21+AW21)/$AH21 -> #DIV/0! | AY21: =SUM(AM21,AP21,AS21,AV21) -> 0 | AZ21: =SUM(AN21,AQ21,AT21,AW21) -> 0 | BA21: =SUM(AY21:AZ21) -> 0 | BB21: =(BA21+1)/(AH21+1) -> 1
A22: 20 | E22: =AF102 -> 0 | F22: =AG102 -> 0 | G22: =AH102 -> 0 | H22: =AI102 -> 0 | I22: =AJ102 -> 0 | J22: =AK102 -> 0 | K22: =AZ102 -> 0 | L22: =SUM(H22:K22) -> 0 | M22: =L22/E22 -> #DIV/0! | N22: =AL102+AM102 -> 0 | O22: =N22/G22 -> #DIV/0! | P22: =SUM(AO102:AP102) -> 0 | Q22: =P22/G22 -> #DIV/0! | R22: =SUM(AR102:AS102) -> 0 | S22: =R22/G22 -> #DIV/0! | T22: =SUM(AU102:AV102) -> 0 | U22: =T22/G22 -> #DIV/0! | V22: =AX102 -> 0 | W22: =BA102 -> 0 | X22: =(W22+1)/(G22+1) -> 1 | AF22: =SUM(AF19:AF21) -> 481 | AG22: =SUM(AG19:AG21) -> 467 | AH22: =SUM(AH19:AH21) -> 465 | AI22: =SUM(AI19:AI21) -> 0 | AJ22: =SUM(AJ19:AJ21) -> 4 | AK22: =SUM(AK19:AK21) -> 1 | AM22: =SUM(AM19:AM21) -> 28 | AN22: =SUM(AN19:AN21) -> 0 | AP22: =SUM(AP19:AP21) -> 2 | AQ22: =SUM(AQ19:AQ21) -> 0 | AS22: =SUM(AS19:AS21) -> 1 | AT22: =SUM(AT19:AT21) -> 0 | AV22: =SUM(AV19:AV21) -> 0 | AW22: =SUM(AW19:AW21) -> 0 | AY22: =SUM(AY19:AY21) -> 31 | AZ22: =SUM(AZ19:AZ21) -> 0 | BA22: =SUM(AY22:AZ22) -> 31 | BB22: =(BA22+1)/(AH22+1) -> 0.068669528
E23: =SUM(E3:E22) -> 8252 | F23: =SUM(F3:F22) -> 7101 | G23: =SUM(G3:G22) -> 7059 | H23: =SUM(H3:H22) -> 35 | I23: =SUM(I3:I22) -> 6 | J23: =SUM(J3:J22) -> 20 | K23: =SUM(K3:K22) -> 1 | L23: =SUM(L3:L22) -> 62 | M23: =L23/E23 -> 0.0075133301 | N23: =SUM(N3:N22) -> 198 | O23: =N23/G23 -> 0.028049299 | P23: =SUM(P3:P22) -> 43 | Q23: =P23/G23 -> 0.0060915144 | R23: =SUM(R3:R22) -> 13 | S23: =R23/G23 -> 0.0018416206 | T23: =SUM(T3:T6) -> 0 | U23: =T23/G23 -> 0 | V23: =SUM(V3:V22) -> 0 | W23: =SUM(W3:W22) -> 255 | AB23: Trial 5
AB24: No clip | AL24: =SUM(AI24:AK24)/AG24 -> #DIV/0! | AO24: =SUM(AM24:AN24)/AH24 -> #DIV/0! | AR24: =(AP24+AQ24)/$AH24 -> #DIV/0! | AU24: =(AS24+AT24)/$AH24 -> #DIV/0! | AX24: =(AV24+AW24)/$AH24 -> #DIV/0! | AY24: =SUM(AM24,AP24,AS24,AV24) -> 0 | AZ24: =SUM(AN24,AQ24,AT24,AW24) -> 0 | BA24: =SUM(AY24:AZ24) -> 0 | BB24: =(BA24+1)/(AH24+1) -> 1
F25: In left and right tables enter data in green fields only, all other data is calculated | AB25: Lower clip | AC25: 46003 | AD25: 46004 | AE25: 1 | AF25: 499 | AG25: 495 | AH25: 496 | AI25: 1 | AJ25: 0 | AK25: 0 | AL25: =SUM(AI25:AK25)/AG25 -> 0.002020202 | AM25: 14 | AN25: 0 | AO25: =SUM(AM25:AN25)/AH25 -> 0.028225806 | AP25: 7 | AQ25: 0 | AR25: =(AP25+AQ25)/$AH25 -> 0.014112903 | AS25: 0 | AT25: 0 | AU25: =(AS25+AT25)/$AH25 -> 0 | AV25: 0 | AW25: 0 | AX25: =(AV25+AW25)/$AH25 -> 0 | AY25: =SUM(AM25,AP25,AS25,AV25) -> 21 | AZ25: =SUM(AN25,AQ25,AT25,AW25) -> 0 | BA25: =SUM(AY25:AZ25) -> 21 | BB25: =(BA25+1)/(AH25+1) -> 0.044265594
F26: Do not enter data into blue shaded cells | AB26: Upper clip | AL26: =SUM(AI26:AK26)/AG26 -> #DIV/0! | AO26: =SUM(AM26:AN26)/AH26 -> #DIV/0! | AR26: =(AP26+AQ26)/$AH26 -> #DIV/0! | AU26: =(AS26+AT26)/$AH26 -> #DIV/0! | AX26: =(AV26+AW26)/$AH26 -> #DIV/0! | AY26: =SUM(AM26,AP26,AS26,AV26) -> 0 | AZ26: =SUM(AN26,AQ26,AT26,AW26) -> 0 | BA26: =SUM(AY26:AZ26) -> 0 | BB26: =(BA26+1)/(AH26+1) -> 1
AF27: =SUM(AF24:AF26) -> 499 | AG27: =SUM(AG24:AG26) -> 495 | AH27: =SUM(AH24:AH26) -> 496 | AI27: =SUM(AI24:AI26) -> 1 | AJ27: =SUM(AJ24:AJ26) -> 0 | AK27: =SUM(AK24:AK26) -> 0 | AM27: =SUM(AM24:AM26) -> 14 | AN27: =SUM(AN24:AN26) -> 0 | AP27: =SUM(AP24:AP26) -> 7 | AQ27: =SUM(AQ24:AQ26) -> 0 | AS27: =SUM(AS24:AS26) -> 0 | AT27: =SUM(AT24:AT26) -> 0 | AV27: =SUM(AV24:AV26) -> 0 | AW27: =SUM(AW24:AW26) -> 0 | AY27: =SUM(AY24:AY26) -> 21 | AZ27: =SUM(AZ24:AZ26) -> 0 | BA27: =SUM(AY27:AZ27) -> 21 | BB27: =(BA27+1)/(AH27+1) -> 0.044265594
I28: Avg. Released | J28: Avg. Recaps | K28: Avg. Eff | AB28: Trial 6
I29: =AVERAGE(G3:G18) -> 441.1875 | J29: =AVERAGE(W3:W18) -> 15.9375 | K29: =ROUND((J29+1)/(I29+1),4) -> 0.0383 | AB29: No clip | AL29: =SUM(AI29:AK29)/AG29 -> #DIV/0! | AO29: =SUM(AM29:AN29)/AH29 -> #DIV/0! | AR29: =(AP29+AQ29)/$AH29 -> #DIV/0! | AU29: =(AS29+AT29)/$AH29 -> #DIV/0! | AX29: =(AV29+AW29)/$AH29 -> #DIV/0! | AY29: =SUM(AM29,AP29,AS29,AV29) -> 0 | AZ29: =SUM(AN29,AQ29,AT29,AW29) -> 0 | BA29: =SUM(AY29:AZ29) -> 0 | BB29: =(BA29+1)/(AH29+1) -> 1
I30: Rounded season average | AB30: Lower clip | AC30: 46038 | AD30: 46039 | AE30: 1 | AF30: 493 | AG30: 493 | AH30: 503 | AI30: 7 | AJ30: 0 | AK30: 1 | AL30: =SUM(AI30:AK30)/AG30 -> 0.016227181 | AM30: 8 | AN30: 0 | AO30: =SUM(AM30:AN30)/AH30 -> 0.015904573 | AP30: 0 | AQ30: 0 | AR30: =(AP30+AQ30)/$AH30 -> 0 | AS30: 0 | AT30: 0 | AU30: =(AS30+AT30)/$AH30 -> 0 | AV30: 0 | AW30: 0 | AX30: =(AV30+AW30)/$AH30 -> 0 | AY30: =SUM(AM30,AP30,AS30,AV30) -> 8 | AZ30: =SUM(AN30,AQ30,AT30,AW30) -> 0 | BA30: =SUM(AY30:AZ30) -> 8 | BB30: =(BA30+1)/(AH30+1) -> 0.017857143
AB31: Upper clip | AL31: =SUM(AI31:AK31)/AG31 -> #DIV/0! | AO31: =SUM(AM31:AN31)/AH31 -> #DIV/0! | AR31: =(AP31+AQ31)/$AH31 -> #DIV/0! | AU31: =(AS31+AT31)/$AH31 -> #DIV/0! | AX31: =(AV31+AW31)/$AH31 -> #DIV/0! | AY31: =SUM(AM31,AP31,AS31,AV31) -> 0 | AZ31: =SUM(AN31,AQ31,AT31,AW31) -> 0 | BA31: =SUM(AY31:AZ31) -> 0 | BB31: =(BA31+1)/(AH31+1) -> 1
AF32: =SUM(AF29:AF31) -> 493 | AG32: =SUM(AG29:AG31) -> 493 | AH32: =SUM(AH29:AH31) -> 503 | AI32: =SUM(AI29:AI31) -> 7 | AJ32: =SUM(AJ29:AJ31) -> 0 | AK32: =SUM(AK29:AK31) -> 1 | AM32: =SUM(AM29:AM31) -> 8 | AN32: =SUM(AN29:AN31) -> 0 | AP32: =SUM(AP29:AP31) -> 0 | AQ32: =SUM(AQ29:AQ31) -> 0 | AS32: =SUM(AS29:AS31) -> 0 | AT32: =SUM(AT29:AT31) -> 0 | AV32: =SUM(AV29:AV31) -> 0 | AW32: =SUM(AW29:AW31) -> 0 | AY32: =SUM(AY29:AY31) -> 8 | AZ32: =SUM(AZ29:AZ31) -> 0 | BA32: =SUM(AY32:AZ32) -> 8 | BB32: =(BA32+1)/(AH32+1) -> 0.017857143
AB33: Trial 7
AB34: No clip | AL34: =SUM(AI34:AK34)/AG34 -> #DIV/0! | AO34: =SUM(AM34:AN34)/AH34 -> #DIV/0! | AR34: =(AP34+AQ34)/$AH34 -> #DIV/0! | AU34: =(AS34+AT34)/$AH34 -> #DIV/0! | AX34: =(AV34+AW34)/$AH34 -> #DIV/0! | AY34: =SUM(AM34,AP34,AS34,AV34) -> 0 | AZ34: =SUM(AN34,AQ34,AT34,AW34) -> 0 | BA34: =SUM(AY34:AZ34) -> 0 | BB34: =(BA34+1)/(AH34+1) -> 1
AB35: Lower clip | AC35: 46042 | AD35: 46043 | AE35: 1 | AF35: 539 | AG35: 535 | AH35: 531 | AI35: 0 | AJ35: 0 | AK35: 3 | AL35: =SUM(AI35:AK35)/AG35 -> 0.0056074766 | AM35: 7 | AN35: 0 | AO35: =SUM(AM35:AN35)/AH35 -> 0.013182674 | AP35: 1 | AQ35: 0 | AR35: =(AP35+AQ35)/$AH35 -> 0.0018832392 | AS35: 0 | AT35: 0 | AU35: =(AS35+AT35)/$AH35 -> 0 | AV35: 0 | AW35: 0 | AX35: =(AV35+AW35)/$AH35 -> 0 | AY35: =SUM(AM35,AP35,AS35,AV35) -> 8 | AZ35: =SUM(AN35,AQ35,AT35,AW35) -> 0 | BA35: =SUM(AY35:AZ35) -> 8 | BB35: =(BA35+1)/(AH35+1) -> 0.016917293
AB36: Upper clip | AL36: =SUM(AI36:AK36)/AG36 -> #DIV/0! | AO36: =SUM(AM36:AN36)/AH36 -> #DIV/0! | AR36: =(AP36+AQ36)/$AH36 -> #DIV/0! | AU36: =(AS36+AT36)/$AH36 -> #DIV/0! | AX36: =(AV36+AW36)/$AH36 -> #DIV/0! | AY36: =SUM(AM36,AP36,AS36,AV36) -> 0 | AZ36: =SUM(AN36,AQ36,AT36,AW36) -> 0 | BA36: =SUM(AY36:AZ36) -> 0 | BB36: =(BA36+1)/(AH36+1) -> 1
AF37: =SUM(AF34:AF36) -> 539 | AG37: =SUM(AG34:AG36) -> 535 | AH37: =SUM(AH34:AH36) -> 531 | AI37: =SUM(AI34:AI36) -> 0 | AJ37: =SUM(AJ34:AJ36) -> 0 | AK37: =SUM(AK34:AK36) -> 3 | AM37: =SUM(AM34:AM36) -> 7 | AN37: =SUM(AN34:AN36) -> 0 | AP37: =SUM(AP34:AP36) -> 1 | AQ37: =SUM(AQ34:AQ36) -> 0 | AS37: =SUM(AS34:AS36) -> 0 | AT37: =SUM(AT34:AT36) -> 0 | AV37: =SUM(AV34:AV36) -> 0 | AW37: =SUM(AW34:AW36) -> 0 | AY37: =SUM(AY34:AY36) -> 8 | AZ37: =SUM(AZ34:AZ36) -> 0 | BA37: =SUM(AY37:AZ37) -> 8 | BB37: =(BA37+1)/(AH37+1) -> 0.016917293
AB38: Trial 8
AB39: No clip | AL39: =SUM(AI39:AK39)/AG39 -> #DIV/0! | AO39: =SUM(AM39:AN39)/AH39 -> #DIV/0! | AR39: =(AP39+AQ39)/$AH39 -> #DIV/0! | AU39: =(AS39+AT39)/$AH39 -> #DIV/0! | AX39: =(AV39+AW39)/$AH39 -> #DIV/0! | AY39: =SUM(AM39,AP39,AS39,AV39) -> 0 | AZ39: =SUM(AN39,AQ39,AT39,AW39) -> 0 | BA39: =SUM(AY39:AZ39) -> 0 | BB39: =(BA39+1)/(AH39+1) -> 1
AB40: Lower clip | AC40: 46045 | AD40: 46046 | AE40: 1 | AF40: 1028 | AG40: 512 | AH40: 503 | AI40: 0 | AJ40: 2 | AK40: 0 | AL40: =SUM(AI40:AK40)/AG40 -> 0.00390625 | AM40: 7 | AN40: 0 | AO40: =SUM(AM40:AN40)/AH40 -> 0.013916501 | AP40: 0 | AQ40: 0 | AR40: =(AP40+AQ40)/$AH40 -> 0 | AS40: 0 | AT40: 0 | AU40: =(AS40+AT40)/$AH40 -> 0 | AV40: 0 | AW40: 0 | AX40: =(AV40+AW40)/$AH40 -> 0 | AY40: =SUM(AM40,AP40,AS40,AV40) -> 7 | AZ40: =SUM(AN40,AQ40,AT40,AW40) -> 0 | BA40: =SUM(AY40:AZ40) -> 7 | BB40: =(BA40+1)/(AH40+1) -> 0.015873016
AB41: Upper clip | AL41: =SUM(AI41:AK41)/AG41 -> #DIV/0! | AO41: =SUM(AM41:AN41)/AH41 -> #DIV/0! | AR41: =(AP41+AQ41)/$AH41 -> #DIV/0! | AU41: =(AS41+AT41)/$AH41 -> #DIV/0! | AX41: =(AV41+AW41)/$AH41 -> #DIV/0! | AY41: =SUM(AM41,AP41,AS41,AV41) -> 0 | AZ41: =SUM(AN41,AQ41,AT41,AW41) -> 0 | BA41: =SUM(AY41:AZ41) -> 0 | BB41: =(BA41+1)/(AH41+1) -> 1
AF42: =SUM(AF39:AF41) -> 1028 | AG42: =SUM(AG39:AG41) -> 512 | AH42: =SUM(AH39:AH41) -> 503 | AI42: =SUM(AI39:AI41) -> 0 | AJ42: =SUM(AJ39:AJ41) -> 2 | AK42: =SUM(AK39:AK41) -> 0 | AM42: =SUM(AM39:AM41) -> 7 | AN42: =SUM(AN39:AN41) -> 0 | AP42: =SUM(AP39:AP41) -> 0 | AQ42: =SUM(AQ39:AQ41) -> 0 | AS42: =SUM(AS39:AS41) -> 0 | AT42: =SUM(AT39:AT41) -> 0 | AV42: =SUM(AV39:AV41) -> 0 | AW42: =SUM(AW39:AW41) -> 0 | AY42: =SUM(AY39:AY41) -> 7 | AZ42: =SUM(AZ39:AZ41) -> 0 | BA42: =SUM(AY42:AZ42) -> 7 | BB42: =(BA42+1)/(AH42+1) -> 0.015873016
AB43: Trial 9
AB44: No clip | AL44: =SUM(AI44:AK44)/AG44 -> #DIV/0! | AO44: =SUM(AM44:AN44)/AH44 -> #DIV/0! | AR44: =(AP44+AQ44)/$AH44 -> #DIV/0! | AU44: =(AS44+AT44)/$AH44 -> #DIV/0! | AX44: =(AV44+AW44)/$AH44 -> #DIV/0! | AY44: =SUM(AM44,AP44,AS44,AV44) -> 0 | AZ44: =SUM(AN44,AQ44,AT44,AW44) -> 0 | BA44: =SUM(AY44:AZ44) -> 0 | BB44: =(BA44+1)/(AH44+1) -> 1
AB45: Lower clip | AC45: 46052 | AD45: 46053 | AE45: 2 | AF45: 509 | AG45: 505 | AH45: 503 | AI45: 4 | AJ45: 0 | AK45: 2 | AL45: =SUM(AI45:AK45)/AG45 -> 0.011881188 | AM45: 11 | AN45: 0 | AO45: =SUM(AM45:AN45)/AH45 -> 0.021868787 | AP45: 0 | AQ45: 0 | AR45: =(AP45+AQ45)/$AH45 -> 0 | AS45: 0 | AT45: 0 | AU45: =(AS45+AT45)/$AH45 -> 0 | AV45: 0 | AW45: 0 | AX45: =(AV45+AW45)/$AH45 -> 0 | AY45: =SUM(AM45,AP45,AS45,AV45) -> 11 | AZ45: =SUM(AN45,AQ45,AT45,AW45) -> 0 | BA45: =SUM(AY45:AZ45) -> 11 | BB45: =(BA45+1)/(AH45+1) -> 0.023809524
AB46: Upper clip | AL46: =SUM(AI46:AK46)/AG46 -> #DIV/0! | AO46: =SUM(AM46:AN46)/AH46 -> #DIV/0! | AR46: =(AP46+AQ46)/$AH46 -> #DIV/0! | AU46: =(AS46+AT46)/$AH46 -> #DIV/0! | AX46: =(AV46+AW46)/$AH46 -> #DIV/0! | AY46: =SUM(AM46,AP46,AS46,AV46) -> 0 | AZ46: =SUM(AN46,AQ46,AT46,AW46) -> 0 | BA46: =SUM(AY46:AZ46) -> 0 | BB46: =(BA46+1)/(AH46+1) -> 1
AF47: =SUM(AF44:AF46) -> 509 | AG47: =SUM(AG44:AG46) -> 505 | AH47: =SUM(AH44:AH46) -> 503 | AI47: =SUM(AI44:AI46) -> 4 | AJ47: =SUM(AJ44:AJ46) -> 0 | AK47: =SUM(AK44:AK46) -> 2 | AM47: =SUM(AM44:AM46) -> 11 | AN47: =SUM(AN44:AN46) -> 0 | AP47: =SUM(AP44:AP46) -> 0 | AQ47: =SUM(AQ44:AQ46) -> 0 | AS47: =SUM(AS44:AS46) -> 0 | AT47: =SUM(AT44:AT46) -> 0 | AV47: =SUM(AV44:AV46) -> 0 | AW47: =SUM(AW44:AW46) -> 0 | AY47: =SUM(AY44:AY46) -> 11 | AZ47: =SUM(AZ44:AZ46) -> 0 | BA47: =SUM(AY47:AZ47) -> 11 | BB47: =(BA47+1)/(AH47+1) -> 0.023809524
AB48: Trial 10
AB49: No clip | AL49: =SUM(AI49:AK49)/AG49 -> #DIV/0! | AO49: =SUM(AM49:AN49)/AH49 -> #DIV/0! | AR49: =(AP49+AQ49)/$AH49 -> #DIV/0! | AU49: =(AS49+AT49)/$AH49 -> #DIV/0! | AX49: =(AV49+AW49)/$AH49 -> #DIV/0! | AY49: =SUM(AM49,AP49,AS49,AV49) -> 0 | AZ49: =SUM(AN49,AQ49,AT49,AW49) -> 0 | BA49: =SUM(AY49:AZ49) -> 0 | BB49: =(BA49+1)/(AH49+1) -> 1
AB50: Lower clip | AC50: 46056 | AD50: 46057 | AE50: 1 | AF50: 501 | AG50: 499 | AH50: 498 | AI50: 1 | AJ50: 0 | AK50: 1 | AL50: =SUM(AI50:AK50)/AG50 -> 0.004008016 | AM50: 3 | AN50: 0 | AO50: =SUM(AM50:AN50)/AH50 -> 0.0060240964 | AP50: 0 | AQ50: 0 | AR50: =(AP50+AQ50)/$AH50 -> 0 | AS50: 3 | AT50: 0 | AU50: =(AS50+AT50)/$AH50 -> 0.0060240964 | AV50: 0 | AW50: 0 | AX50: =(AV50+AW50)/$AH50 -> 0 | AY50: =SUM(AM50,AP50,AS50,AV50) -> 6 | AZ50: =SUM(AN50,AQ50,AT50,AW50) -> 0 | BA50: =SUM(AY50:AZ50) -> 6 | BB50: =(BA50+1)/(AH50+1) -> 0.014028056
AB51: Upper clip | AL51: =SUM(AI51:AK51)/AG51 -> #DIV/0! | AO51: =SUM(AM51:AN51)/AH51 -> #DIV/0! | AR51: =(AP51+AQ51)/$AH51 -> #DIV/0! | AU51: =(AS51+AT51)/$AH51 -> #DIV/0! | AX51: =(AV51+AW51)/$AH51 -> #DIV/0! | AY51: =SUM(AM51,AP51,AS51,AV51) -> 0 | AZ51: =SUM(AN51,AQ51,AT51,AW51) -> 0 | BA51: =SUM(AY51:AZ51) -> 0 | BB51: =(BA51+1)/(AH51+1) -> 1
AF52: =SUM(AF49:AF51) -> 501 | AG52: =SUM(AG49:AG51) -> 499 | AH52: =SUM(AH49:AH51) -> 498 | AI52: =SUM(AI49:AI51) -> 1 | AJ52: =SUM(AJ49:AJ51) -> 0 | AK52: =SUM(AK49:AK51) -> 1 | AM52: =SUM(AM49:AM51) -> 3 | AN52: =SUM(AN49:AN51) -> 0 | AP52: =SUM(AP49:AP51) -> 0 | AQ52: =SUM(AQ49:AQ51) -> 0 | AS52: =SUM(AS49:AS51) -> 3 | AT52: =SUM(AT49:AT51) -> 0 | AV52: =SUM(AV49:AV51) -> 0 | AW52: =SUM(AW49:AW51) -> 0 | AY52: =SUM(AY49:AY51) -> 6 | AZ52: =SUM(AZ49:AZ51) -> 0 | BA52: =SUM(AY52:AZ52) -> 6 | BB52: =(BA52+1)/(AH52+1) -> 0.014028056
AB53: Trial 11
AB54: No clip | AL54: =SUM(AI54:AK54)/AG54 -> #DIV/0! | AO54: =SUM(AM54:AN54)/AH54 -> #DIV/0! | AR54: =(AP54+AQ54)/$AH54 -> #DIV/0! | AU54: =(AS54+AT54)/$AH54 -> #DIV/0! | AX54: =(AV54+AW54)/$AH54 -> #DIV/0! | AY54: =SUM(AM54,AP54,AS54,AV54) -> 0 | AZ54: =SUM(AN54,AQ54,AT54,AW54) -> 0 | BA54: =SUM(AY54:AZ54) -> 0 | BB54: =(BA54+1)/(AH54+1) -> 1
AB55: Lower clip | AC55: 46059 | AD55: 46060 | AE55: 1 | AF55: 500 | AG55: 498 | AH55: 491 | AI55: 1 | AJ55: 0 | AK55: 5 | AL55: =SUM(AI55:AK55)/AG55 -> 0.012048193 | AM55: 1 | AN55: 0 | AO55: =SUM(AM55:AN55)/AH55 -> 0.0020366599 | AP55: 1 | AQ55: 0 | AR55: =(AP55+AQ55)/$AH55 -> 0.0020366599 | AS55: 0 | AT55: 0 | AU55: =(AS55+AT55)/$AH55 -> 0 | AV55: 0 | AW55: 0 | AX55: =(AV55+AW55)/$AH55 -> 0 | AY55: =SUM(AM55,AP55,AS55,AV55) -> 2 | AZ55: =SUM(AN55,AQ55,AT55,AW55) -> 0 | BA55: =SUM(AY55:AZ55) -> 2 | BB55: =(BA55+1)/(AH55+1) -> 0.006097561
AB56: Upper clip | AL56: =SUM(AI56:AK56)/AG56 -> #DIV/0! | AO56: =SUM(AM56:AN56)/AH56 -> #DIV/0! | AR56: =(AP56+AQ56)/$AH56 -> #DIV/0! | AU56: =(AS56+AT56)/$AH56 -> #DIV/0! | AX56: =(AV56+AW56)/$AH56 -> #DIV/0! | AY56: =SUM(AM56,AP56,AS56,AV56) -> 0 | AZ56: =SUM(AN56,AQ56,AT56,AW56) -> 0 | BA56: =SUM(AY56:AZ56) -> 0 | BB56: =(BA56+1)/(AH56+1) -> 1
AF57: =SUM(AF54:AF56) -> 500 | AG57: =SUM(AG54:AG56) -> 498 | AH57: =SUM(AH54:AH56) -> 491 | AI57: =SUM(AI54:AI56) -> 1 | AJ57: =SUM(AJ54:AJ56) -> 0 | AK57: =SUM(AK54:AK56) -> 5 | AM57: =SUM(AM54:AM56) -> 1 | AN57: =SUM(AN54:AN56) -> 0 | AP57: =SUM(AP54:AP56) -> 1 | AQ57: =SUM(AQ54:AQ56) -> 0 | AS57: =SUM(AS54:AS56) -> 0 | AT57: =SUM(AT54:AT56) -> 0 | AV57: =SUM(AV54:AV56) -> 0 | AW57: =SUM(AW54:AW56) -> 0 | AY57: =SUM(AY54:AY56) -> 2 | AZ57: =SUM(AZ54:AZ56) -> 0 | BA57: =SUM(AY57:AZ57) -> 2 | BB57: =(BA57+1)/(AH57+1) -> 0.006097561
AB58: Trial 12
AB59: No clip | AL59: =SUM(AI59:AK59)/AG59 -> #DIV/0! | AO59: =SUM(AM59:AN59)/AH59 -> #DIV/0! | AR59: =(AP59+AQ59)/$AH59 -> #DIV/0! | AU59: =(AS59+AT59)/$AH59 -> #DIV/0! | AX59: =(AV59+AW59)/$AH59 -> #DIV/0! | AY59: =SUM(AM59,AP59,AS59,AV59) -> 0 | AZ59: =SUM(AN59,AQ59,AT59,AW59) -> 0 | BA59: =SUM(AY59:AZ59) -> 0 | BB59: =(BA59+1)/(AH59+1) -> 1
AB60: Lower clip | AC60: 46063 | AD60: 46063 | AE60: 2 | AF60: 424 | AG60: 424 | AH60: 415 | AI60: 6 | AJ60: 0 | AK60: 0 | AL60: =SUM(AI60:AK60)/AG60 -> 0.014150943 | AM60: 4 | AN60: 0 | AO60: =SUM(AM60:AN60)/AH60 -> 0.0096385542 | AP60: 2 | AQ60: 0 | AR60: =(AP60+AQ60)/$AH60 -> 0.0048192771 | AS60: 0 | AT60: 0 | AU60: =(AS60+AT60)/$AH60 -> 0 | AV60: 0 | AW60: 0 | AX60: =(AV60+AW60)/$AH60 -> 0 | AY60: =SUM(AM60,AP60,AS60,AV60) -> 6 | AZ60: =SUM(AN60,AQ60,AT60,AW60) -> 0 | BA60: =SUM(AY60:AZ60) -> 6 | BB60: =(BA60+1)/(AH60+1) -> 0.016826923
AB61: Upper clip | AL61: =SUM(AI61:AK61)/AG61 -> #DIV/0! | AO61: =SUM(AM61:AN61)/AH61 -> #DIV/0! | AR61: =(AP61+AQ61)/$AH61 -> #DIV/0! | AU61: =(AS61+AT61)/$AH61 -> #DIV/0! | AX61: =(AV61+AW61)/$AH61 -> #DIV/0! | AY61: =SUM(AM61,AP61,AS61,AV61) -> 0 | AZ61: =SUM(AN61,AQ61,AT61,AW61) -> 0 | BA61: =SUM(AY61:AZ61) -> 0 | BB61: =(BA61+1)/(AH61+1) -> 1
AF62: =SUM(AF59:AF61) -> 424 | AG62: =SUM(AG59:AG61) -> 424 | AH62: =SUM(AH59:AH61) -> 415 | AI62: =SUM(AI59:AI61) -> 6 | AJ62: =SUM(AJ59:AJ61) -> 0 | AK62: =SUM(AK59:AK61) -> 0 | AM62: =SUM(AM59:AM61) -> 4 | AN62: =SUM(AN59:AN61) -> 0 | AP62: =SUM(AP59:AP61) -> 2 | AQ62: =SUM(AQ59:AQ61) -> 0 | AS62: =SUM(AS59:AS61) -> 0 | AT62: =SUM(AT59:AT61) -> 0 | AV62: =SUM(AV59:AV61) -> 0 | AW62: =SUM(AW59:AW61) -> 0 | AY62: =SUM(AY59:AY61) -> 6 | AZ62: =SUM(AZ59:AZ61) -> 0 | BA62: =SUM(AY62:AZ62) -> 6 | BB62: =(BA62+1)/(AH62+1) -> 0.016826923
AB63: Trial 13
AB64: No clip | AL64: =SUM(AI64:AK64)/AG64 -> #DIV/0! | AO64: =SUM(AM64:AN64)/AH64 -> #DIV/0! | AR64: =(AP64+AQ64)/$AH64 -> #DIV/0! | AU64: =(AS64+AT64)/$AH64 -> #DIV/0! | AX64: =(AV64+AW64)/$AH64 -> #DIV/0! | AY64: =SUM(AM64,AP64,AS64,AV64) -> 0 | AZ64: =SUM(AN64,AQ64,AT64,AW64) -> 0 | BA64: =SUM(AY64:AZ64) -> 0 | BB64: =(BA64+1)/(AH64+1) -> 1
AB65: Lower clip | AL65: =SUM(AI65:AK65)/AG65 -> #DIV/0! | AO65: =SUM(AM65:AN65)/AH65 -> #DIV/0! | AR65: =(AP65+AQ65)/$AH65 -> #DIV/0! | AU65: =(AS65+AT65)/$AH65 -> #DIV/0! | AX65: =(AV65+AW65)/$AH65 -> #DIV/0! | AY65: =SUM(AM65,AP65,AS65,AV65) -> 0 | AZ65: =SUM(AN65,AQ65,AT65,AW65) -> 0 | BA65: =SUM(AY65:AZ65) -> 0 | BB65: =(BA65+1)/(AH65+1) -> 1
AB66: Upper clip | AC66: 46063 | AD66: 46063 | AE66: 2 | AF66: 472 | AG66: 472 | AH66: 461 | AI66: 3 | AJ66: 0 | AK66: 0 | AL66: =SUM(AI66:AK66)/AG66 -> 0.0063559322 | AM66: 3 | AN66: 0 | AO66: =SUM(AM66:AN66)/AH66 -> 0.0065075922 | AP66: 2 | AQ66: 0 | AR66: =(AP66+AQ66)/$AH66 -> 0.0043383948 | AS66: 1 | AT66: 0 | AU66: =(AS66+AT66)/$AH66 -> 0.0021691974 | AV66: 0 | AW66: 0 | AX66: =(AV66+AW66)/$AH66 -> 0 | AY66: =SUM(AM66,AP66,AS66,AV66) -> 6 | AZ66: =SUM(AN66,AQ66,AT66,AW66) -> 0 | BA66: =SUM(AY66:AZ66) -> 6 | BB66: =(BA66+1)/(AH66+1) -> 0.015151515
AF67: =SUM(AF64:AF66) -> 472 | AG67: =SUM(AG64:AG66) -> 472 | AH67: =SUM(AH64:AH66) -> 461 | AI67: =SUM(AI64:AI66) -> 3 | AJ67: =SUM(AJ64:AJ66) -> 0 | AK67: =SUM(AK64:AK66) -> 0 | AM67: =SUM(AM64:AM66) -> 3 | AN67: =SUM(AN64:AN66) -> 0 | AP67: =SUM(AP64:AP66) -> 2 | AQ67: =SUM(AQ64:AQ66) -> 0 | AS67: =SUM(AS64:AS66) -> 1 | AT67: =SUM(AT64:AT66) -> 0 | AV67: =SUM(AV64:AV66) -> 0 | AW67: =SUM(AW64:AW66) -> 0 | AY67: =SUM(AY64:AY66) -> 6 | AZ67: =SUM(AZ64:AZ66) -> 0 | BA67: =SUM(AY67:AZ67) -> 6 | BB67: =(BA67+1)/(AH67+1) -> 0.015151515
AB68: Trial 14
AB69: No clip | AL69: =SUM(AI69:AK69)/AG69 -> #DIV/0! | AO69: =SUM(AM69:AN69)/AH69 -> #DIV/0! | AR69: =(AP69+AQ69)/$AH69 -> #DIV/0! | AU69: =(AS69+AT69)/$AH69 -> #DIV/0! | AX69: =(AV69+AW69)/$AH69 -> #DIV/0! | AY69: =SUM(AM69,AP69,AS69,AV69) -> 0 | AZ69: =SUM(AN69,AQ69,AT69,AW69) -> 0 | BA69: =SUM(AY69:AZ69) -> 0 | BB69: =(BA69+1)/(AH69+1) -> 1
AB70: Lower clip | AL70: =SUM(AI70:AK70)/AG70 -> #DIV/0! | AO70: =SUM(AM70:AN70)/AH70 -> #DIV/0! | AR70: =(AP70+AQ70)/$AH70 -> #DIV/0! | AU70: =(AS70+AT70)/$AH70 -> #DIV/0! | AX70: =(AV70+AW70)/$AH70 -> #DIV/0! | AY70: =SUM(AM70,AP70,AS70,AV70) -> 0 | AZ70: =SUM(AN70,AQ70,AT70,AW70) -> 0 | BA70: =SUM(AY70:AZ70) -> 0 | BB70: =(BA70+1)/(AH70+1) -> 1
AB71: Upper clip | AC71: 46066 | AD71: 46066 | AE71: 2 | AF71: 520 | AG71: 510 | AH71: 510 | AI71: 5 | AJ71: 0 | AK71: 0 | AL71: =SUM(AI71:AK71)/AG71 -> 0.0098039216 | AM71: 6 | AN71: 0 | AO71: =SUM(AM71:AN71)/AH71 -> 0.011764706 | AP71: 3 | AQ71: 0 | AR71: =(AP71+AQ71)/$AH71 -> 0.0058823529 | AS71: 1 | AT71: 0 | AU71: =(AS71+AT71)/$AH71 -> 0.0019607843 | AV71: 0 | AW71: 0 | AX71: =(AV71+AW71)/$AH71 -> 0 | AY71: =SUM(AM71,AP71,AS71,AV71) -> 10 | AZ71: =SUM(AN71,AQ71,AT71,AW71) -> 0 | BA71: =SUM(AY71:AZ71) -> 10 | BB71: =(BA71+1)/(AH71+1) -> 0.021526419
AF72: =SUM(AF69:AF71) -> 520 | AG72: =SUM(AG69:AG71) -> 510 | AH72: =SUM(AH69:AH71) -> 510 | AI72: =SUM(AI69:AI71) -> 5 | AJ72: =SUM(AJ69:AJ71) -> 0 | AK72: =SUM(AK69:AK71) -> 0 | AM72: =SUM(AM69:AM71) -> 6 | AN72: =SUM(AN69:AN71) -> 0 | AP72: =SUM(AP69:AP71) -> 3 | AQ72: =SUM(AQ69:AQ71) -> 0 | AS72: =SUM(AS69:AS71) -> 1 | AT72: =SUM(AT69:AT71) -> 0 | AV72: =SUM(AV69:AV71) -> 0 | AW72: =SUM(AW69:AW71) -> 0 | AY72: =SUM(AY69:AY71) -> 10 | AZ72: =SUM(AZ69:AZ71) -> 0 | BA72: =SUM(AY72:AZ72) -> 10 | BB72: =(BA72+1)/(AH72+1) -> 0.021526419
AB73: Trial 15
AB74: No clip | AL74: =SUM(AI74:AK74)/AG74 -> #DIV/0! | AO74: =SUM(AM74:AN74)/AH74 -> #DIV/0! | AR74: =(AP74+AQ74)/$AH74 -> #DIV/0! | AU74: =(AS74+AT74)/$AH74 -> #DIV/0! | AX74: =(AV74+AW74)/$AH74 -> #DIV/0! | AY74: =SUM(AM74,AP74,AS74,AV74) -> 0 | AZ74: =SUM(AN74,AQ74,AT74,AW74) -> 0 | BA74: =SUM(AY74:AZ74) -> 0 | BB74: =(BA74+1)/(AH74+1) -> 1
AB75: Lower clip | AC75: 46066 | AD75: 46066 | AE75: 2 | AF75: 520 | AG75: 512 | AH75: 512 | AI75: 1 | AJ75: 0 | AK75: 0 | AL75: =SUM(AI75:AK75)/AG75 -> 0.001953125 | AM75: 5 | AN75: 0 | AO75: =SUM(AM75:AN75)/AH75 -> 0.009765625 | AP75: 1 | AQ75: 0 | AR75: =(AP75+AQ75)/$AH75 -> 0.001953125 | AS75: 1 | AT75: 0 | AU75: =(AS75+AT75)/$AH75 -> 0.001953125 | AV75: 1 | AW75: 0 | AX75: =(AV75+AW75)/$AH75 -> 0.001953125 | AY75: =SUM(AM75,AP75,AS75,AV75) -> 8 | AZ75: =SUM(AN75,AQ75,AT75,AW75) -> 0 | BA75: =SUM(AY75:AZ75) -> 8 | BB75: =(BA75+1)/(AH75+1) -> 0.01754386
AB76: Upper clip | AL76: =SUM(AI76:AK76)/AG76 -> #DIV/0! | AO76: =SUM(AM76:AN76)/AH76 -> #DIV/0! | AR76: =(AP76+AQ76)/$AH76 -> #DIV/0! | AU76: =(AS76+AT76)/$AH76 -> #DIV/0! | AX76: =(AV76+AW76)/$AH76 -> #DIV/0! | AY76: =SUM(AM76,AP76,AS76,AV76) -> 0 | AZ76: =SUM(AN76,AQ76,AT76,AW76) -> 0 | BA76: =SUM(AY76:AZ76) -> 0 | BB76: =(BA76+1)/(AH76+1) -> 1
AF77: =SUM(AF74:AF76) -> 520 | AG77: =SUM(AG74:AG76) -> 512 | AH77: =SUM(AH74:AH76) -> 512 | AI77: =SUM(AI74:AI76) -> 1 | AJ77: =SUM(AJ74:AJ76) -> 0 | AK77: =SUM(AK74:AK76) -> 0 | AM77: =SUM(AM74:AM76) -> 5 | AN77: =SUM(AN74:AN76) -> 0 | AP77: =SUM(AP74:AP76) -> 1 | AQ77: =SUM(AQ74:AQ76) -> 0 | AS77: =SUM(AS74:AS76) -> 1 | AT77: =SUM(AT74:AT76) -> 0 | AV77: =SUM(AV74:AV76) -> 1 | AW77: =SUM(AW74:AW76) -> 0 | AY77: =SUM(AY74:AY76) -> 8 | AZ77: =SUM(AZ74:AZ76) -> 0 | BA77: =SUM(AY77:AZ77) -> 8 | BB77: =(BA77+1)/(AH77+1) -> 0.01754386
AB78: Trial 16
AB79: No clip | AL79: =SUM(AI79:AK79)/AG79 -> #DIV/0! | AO79: =SUM(AM79:AN79)/AH79 -> #DIV/0! | AR79: =(AP79+AQ79)/$AH79 -> #DIV/0! | AU79: =(AS79+AT79)/$AH79 -> #DIV/0! | AX79: =(AV79+AW79)/$AH79 -> #DIV/0! | AY79: =SUM(AM79,AP79,AS79,AV79) -> 0 | AZ79: =SUM(AN79,AQ79,AT79,AW79) -> 0 | BA79: =SUM(AY79:AZ79) -> 0 | BB79: =(BA79+1)/(AH79+1) -> 1
AB80: Lower clip | AC80: 46090 | AD80: 46091 | AE80: 3 | AF80: 123 | AG80: 99 | AH80: 94 | AI80: 0 | AJ80: 0 | AK80: 5 | AL80: =SUM(AI80:AK80)/AG80 -> 0.050505051 | AM80: 5 | AN80: 0 | AO80: =SUM(AM80:AN80)/AH80 -> 0.053191489 | AP80: 2 | AQ80: 0 | AR80: =(AP80+AQ80)/$AH80 -> 0.021276596 | AS80: 1 | AT80: 0 | AU80: =(AS80+AT80)/$AH80 -> 0.010638298 | AV80: 0 | AW80: 0 | AX80: =(AV80+AW80)/$AH80 -> 0 | AY80: =SUM(AM80,AP80,AS80,AV80) -> 8 | AZ80: =SUM(AN80,AQ80,AT80,AW80) -> 0 | BA80: =SUM(AY80:AZ80) -> 8 | BB80: =(BA80+1)/(AH80+1) -> 0.094736842
AB81: Upper clip | AL81: =SUM(AI81:AK81)/AG81 -> #DIV/0! | AO81: =SUM(AM81:AN81)/AH81 -> #DIV/0! | AR81: =(AP81+AQ81)/$AH81 -> #DIV/0! | AU81: =(AS81+AT81)/$AH81 -> #DIV/0! | AX81: =(AV81+AW81)/$AH81 -> #DIV/0! | AY81: =SUM(AM81,AP81,AS81,AV81) -> 0 | AZ81: =SUM(AN81,AQ81,AT81,AW81) -> 0 | BA81: =SUM(AY81:AZ81) -> 0 | BB81: =(BA81+1)/(AH81+1) -> 1
AF82: =SUM(AF79:AF81) -> 123 | AG82: =SUM(AG79:AG81) -> 99 | AH82: =SUM(AH79:AH81) -> 94 | AI82: =SUM(AI79:AI81) -> 0 | AJ82: =SUM(AJ79:AJ81) -> 0 | AK82: =SUM(AK79:AK81) -> 5 | AM82: =SUM(AM79:AM81) -> 5 | AN82: =SUM(AN79:AN81) -> 0 | AP82: =SUM(AP79:AP81) -> 2 | AQ82: =SUM(AQ79:AQ81) -> 0 | AS82: =SUM(AS79:AS81) -> 1 | AT82: =SUM(AT79:AT81) -> 0 | AV82: =SUM(AV79:AV81) -> 0 | AW82: =SUM(AW79:AW81) -> 0 | AY82: =SUM(AY79:AY81) -> 8 | AZ82: =SUM(AZ79:AZ81) -> 0 | BA82: =SUM(AY82:AZ82) -> 8 | BB82: =(BA82+1)/(AH82+1) -> 0.094736842
AB83: Trial 17
AB84: No clip | AL84: =SUM(AI84:AK84)/AG84 -> #DIV/0! | AO84: =SUM(AM84:AN84)/AH84 -> #DIV/0! | AR84: =(AP84+AQ84)/$AH84 -> #DIV/0! | AU84: =(AS84+AT84)/$AH84 -> #DIV/0! | AX84: =(AV84+AW84)/$AH84 -> #DIV/0! | AY84: =SUM(AM84,AP84,AS84,AV84) -> 0 | AZ84: =SUM(AN84,AQ84,AT84,AW84) -> 0 | BA84: =SUM(AY84:AZ84) -> 0 | BB84: =(BA84+1)/(AH84+1) -> 1
AB85: Lower clip | AL85: =SUM(AI85:AK85)/AG85 -> #DIV/0! | AO85: =SUM(AM85:AN85)/AH85 -> #DIV/0! | AR85: =(AP85+AQ85)/$AH85 -> #DIV/0! | AU85: =(AS85+AT85)/$AH85 -> #DIV/0! | AX85: =(AV85+AW85)/$AH85 -> #DIV/0! | AY85: =SUM(AM85,AP85,AS85,AV85) -> 0 | AZ85: =SUM(AN85,AQ85,AT85,AW85) -> 0 | BA85: =SUM(AY85:AZ85) -> 0 | BB85: =(BA85+1)/(AH85+1) -> 1
AB86: Upper clip | AL86: =SUM(AI86:AK86)/AG86 -> #DIV/0! | AO86: =SUM(AM86:AN86)/AH86 -> #DIV/0! | AR86: =(AP86+AQ86)/$AH86 -> #DIV/0! | AU86: =(AS86+AT86)/$AH86 -> #DIV/0! | AX86: =(AV86+AW86)/$AH86 -> #DIV/0! | AY86: =SUM(AM86,AP86,AS86,AV86) -> 0 | AZ86: =SUM(AN86,AQ86,AT86,AW86) -> 0 | BA86: =SUM(AY86:AZ86) -> 0 | BB86: =(BA86+1)/(AH86+1) -> 1
AF87: =SUM(AF84:AF86) -> 0 | AG87: =SUM(AG84:AG86) -> 0 | AH87: =SUM(AH84:AH86) -> 0 | AI87: =SUM(AI84:AI86) -> 0 | AJ87: =SUM(AJ84:AJ86) -> 0 | AK87: =SUM(AK84:AK86) -> 0 | AM87: =SUM(AM84:AM86) -> 0 | AN87: =SUM(AN84:AN86) -> 0 | AP87: =SUM(AP84:AP86) -> 0 | AQ87: =SUM(AQ84:AQ86) -> 0 | AS87: =SUM(AS84:AS86) -> 0 | AT87: =SUM(AT84:AT86) -> 0 | AV87: =SUM(AV84:AV86) -> 0 | AW87: =SUM(AW84:AW86) -> 0 | AY87: =SUM(AY84:AY86) -> 0 | AZ87: =SUM(AZ84:AZ86) -> 0 | BA87: =SUM(AY87:AZ87) -> 0 | BB87: =(BA87+1)/(AH87+1) -> 1
AB88: Trial 18
AB89: No clip | AL89: =SUM(AI89:AK89)/AG89 -> #DIV/0! | AO89: =SUM(AM89:AN89)/AH89 -> #DIV/0! | AR89: =(AP89+AQ89)/$AH89 -> #DIV/0! | AU89: =(AS89+AT89)/$AH89 -> #DIV/0! | AX89: =(AV89+AW89)/$AH89 -> #DIV/0! | AY89: =SUM(AM89,AP89,AS89,AV89) -> 0 | AZ89: =SUM(AN89,AQ89,AT89,AW89) -> 0 | BA89: =SUM(AY89:AZ89) -> 0 | BB89: =(BA89+1)/(AH89+1) -> 1
AB90: Lower clip | AL90: =SUM(AI90:AK90)/AG90 -> #DIV/0! | AO90: =SUM(AM90:AN90)/AH90 -> #DIV/0! | AR90: =(AP90+AQ90)/$AH90 -> #DIV/0! | AU90: =(AS90+AT90)/$AH90 -> #DIV/0! | AX90: =(AV90+AW90)/$AH90 -> #DIV/0! | AY90: =SUM(AM90,AP90,AS90,AV90) -> 0 | AZ90: =SUM(AN90,AQ90,AT90,AW90) -> 0 | BA90: =SUM(AY90:AZ90) -> 0 | BB90: =(BA90+1)/(AH90+1) -> 1
AB91: Upper clip | AL91: =SUM(AI91:AK91)/AG91 -> #DIV/0! | AO91: =SUM(AM91:AN91)/AH91 -> #DIV/0! | AR91: =(AP91+AQ91)/$AH91 -> #DIV/0! | AU91: =(AS91+AT91)/$AH91 -> #DIV/0! | AX91: =(AV91+AW91)/$AH91 -> #DIV/0! | AY91: =SUM(AM91,AP91,AS91,AV91) -> 0 | AZ91: =SUM(AN91,AQ91,AT91,AW91) -> 0 | BA91: =SUM(AY91:AZ91) -> 0 | BB91: =(BA91+1)/(AH91+1) -> 1
AF92: =SUM(AF89:AF91) -> 0 | AG92: =SUM(AG89:AG91) -> 0 | AH92: =SUM(AH89:AH91) -> 0 | AI92: =SUM(AI89:AI91) -> 0 | AJ92: =SUM(AJ89:AJ91) -> 0 | AK92: =SUM(AK89:AK91) -> 0 | AM92: =SUM(AM89:AM91) -> 0 | AN92: =SUM(AN89:AN91) -> 0 | AP92: =SUM(AP89:AP91) -> 0 | AQ92: =SUM(AQ89:AQ91) -> 0 | AS92: =SUM(AS89:AS91) -> 0 | AT92: =SUM(AT89:AT91) -> 0 | AV92: =SUM(AV89:AV91) -> 0 | AW92: =SUM(AW89:AW91) -> 0 | AY92: =SUM(AY89:AY91) -> 0 | AZ92: =SUM(AZ89:AZ91) -> 0 | BA92: =SUM(AY92:AZ92) -> 0 | BB92: =(BA92+1)/(AH92+1) -> 1
AB93: Trial 19
AB94: No clip | AL94: =SUM(AI94:AK94)/AG94 -> #DIV/0! | AO94: =SUM(AM94:AN94)/AH94 -> #DIV/0! | AR94: =(AP94+AQ94)/$AH94 -> #DIV/0! | AU94: =(AS94+AT94)/$AH94 -> #DIV/0! | AX94: =(AV94+AW94)/$AH94 -> #DIV/0! | AY94: =SUM(AM94,AP94,AS94,AV94) -> 0 | AZ94: =SUM(AN94,AQ94,AT94,AW94) -> 0 | BA94: =SUM(AY94:AZ94) -> 0 | BB94: =(BA94+1)/(AH94+1) -> 1
AB95: Lower clip | AL95: =SUM(AI95:AK95)/AG95 -> #DIV/0! | AO95: =SUM(AM95:AN95)/AH95 -> #DIV/0! | AR95: =(AP95+AQ95)/$AH95 -> #DIV/0! | AU95: =(AS95+AT95)/$AH95 -> #DIV/0! | AX95: =(AV95+AW95)/$AH95 -> #DIV/0! | AY95: =SUM(AM95,AP95,AS95,AV95) -> 0 | AZ95: =SUM(AN95,AQ95,AT95,AW95) -> 0 | BA95: =SUM(AY95:AZ95) -> 0 | BB95: =(BA95+1)/(AH95+1) -> 1
AB96: Upper clip | AL96: =SUM(AI96:AK96)/AG96 -> #DIV/0! | AO96: =SUM(AM96:AN96)/AH96 -> #DIV/0! | AR96: =(AP96+AQ96)/$AH96 -> #DIV/0! | AU96: =(AS96+AT96)/$AH96 -> #DIV/0! | AX96: =(AV96+AW96)/$AH96 -> #DIV/0! | AY96: =SUM(AM96,AP96,AS96,AV96) -> 0 | AZ96: =SUM(AN96,AQ96,AT96,AW96) -> 0 | BA96: =SUM(AY96:AZ96) -> 0 | BB96: =(BA96+1)/(AH96+1) -> 1
AF97: =SUM(AF94:AF96) -> 0 | AG97: =SUM(AG94:AG96) -> 0 | AH97: =SUM(AH94:AH96) -> 0 | AI97: =SUM(AI94:AI96) -> 0 | AJ97: =SUM(AJ94:AJ96) -> 0 | AK97: =SUM(AK94:AK96) -> 0 | AM97: =SUM(AM94:AM96) -> 0 | AN97: =SUM(AN94:AN96) -> 0 | AP97: =SUM(AP94:AP96) -> 0 | AQ97: =SUM(AQ94:AQ96) -> 0 | AS97: =SUM(AS94:AS96) -> 0 | AT97: =SUM(AT94:AT96) -> 0 | AV97: =SUM(AV94:AV96) -> 0 | AW97: =SUM(AW94:AW96) -> 0 | AY97: =SUM(AY94:AY96) -> 0 | AZ97: =SUM(AZ94:AZ96) -> 0 | BA97: =SUM(AY97:AZ97) -> 0 | BB97: =(BA97+1)/(AH97+1) -> 1
AB98: Trial 20
AB99: No clip | AL99: =SUM(AI99:AK99)/AG99 -> #DIV/0! | AO99: =SUM(AM99:AN99)/AH99 -> #DIV/0! | AR99: =(AP99+AQ99)/$AH99 -> #DIV/0! | AU99: =(AS99+AT99)/$AH99 -> #DIV/0! | AX99: =(AV99+AW99)/$AH99 -> #DIV/0! | AY99: =SUM(AM99,AP99,AS99,AV99) -> 0 | AZ99: =SUM(AN99,AQ99,AT99,AW99) -> 0 | BA99: =SUM(AY99:AZ99) -> 0 | BB99: =(BA99+1)/(AH99+1) -> 1
AB100: Lower clip | AL100: =SUM(AI100:AK100)/AG100 -> #DIV/0! | AO100: =SUM(AM100:AN100)/AH100 -> #DIV/0! | AR100: =(AP100+AQ100)/$AH100 -> #DIV/0! | AU100: =(AS100+AT100)/$AH100 -> #DIV/0! | AX100: =(AV100+AW100)/$AH100 -> #DIV/0! | AY100: =SUM(AM100,AP100,AS100,AV100) -> 0 | AZ100: =SUM(AN100,AQ100,AT100,AW100) -> 0 | BA100: =SUM(AY100:AZ100) -> 0 | BB100: =(BA100+1)/(AH100+1) -> 1
...

Sheet LCC RBT 25-26
A1: Lower Clear Creek Rainbow Trout/steelhead 2025-2026 | K1: Do not enter data into blue shaded cells | AE1: Lower Clear Creek Rainbow Trout/steelhead
A2: Trial | B2: Mark date | C2: Release date | D2: Days held | E2: Number held | F2: Number marked | G2: Number released | H2: Pre-mark mortalities | I2: Marking mortalities | J2: Post-mark mortalities | K2: Predation / Trap mortalities | L2: Total mortalities | M2: Percent mortality | N2: Number live caught day 1 | O2: Number mortalities caught day 1 | P2: Percent caught day 1 | Q2: Number live caught day 2 | R2: Number mortalities caught day 2 | S2: Percent caught day 2 | T2: Number live caught day 3 | U2: Number mortalities caught day 3 | V2: Percent caught day 3 | W2: Number live caught day 4 | X2: Number mortalities caught day 4 | Y2: Percent caught day 4 | Z2: Total live recaptures | AA2: Total mortalities recaptured | AB2: Total recaptured | AC2: Bailey's efficiency | AD2: Origin
A3: 1 | L3: =SUM(H3:K3) -> 0 | M3: =SUM(H3:K3)/F3 -> #DIV/0! | P3: =SUM(N3:O3)/$G3 -> #DIV/0! | S3: =SUM(Q3:R3)/$G3 -> #DIV/0! | V3: =SUM(T3:U3)/$G3 -> #DIV/0! | Y3: =SUM(W3:X3)/$G3 -> #DIV/0! | Z3: =SUM(N3,Q3,T3,W3) -> 0 | AA3: =SUM(O3,R3,U3,X3) -> 0 | AB3: =SUM(Z3:AA3) -> 0 | AC3: =(AB3+1)/(G3+1) -> 1
A4: 2 | L4: =SUM(H4:K4) -> 0 | M4: =SUM(H4:K4)/F4 -> #DIV/0! | P4: =SUM(N4:O4)/$G4 -> #DIV/0! | S4: =SUM(Q4:R4)/$G4 -> #DIV/0! | V4: =SUM(T4:U4)/$G4 -> #DIV/0! | Y4: =SUM(W4:X4)/$G4 -> #DIV/0! | Z4: =SUM(N4,Q4,T4,W4) -> 0 | AA4: =SUM(O4,R4,U4,X4) -> 0 | AB4: =SUM(Z4:AA4) -> 0 | AC4: =(AB4+1)/(G4+1) -> 1
A5: 3 | L5: =SUM(H5:K5) -> 0 | M5: =SUM(H5:K5)/F5 -> #DIV/0! | P5: =SUM(N5:O5)/$G5 -> #DIV/0! | S5: =SUM(Q5:R5)/$G5 -> #DIV/0! | V5: =SUM(T5:U5)/$G5 -> #DIV/0! | Y5: =SUM(W5:X5)/$G5 -> #DIV/0! | Z5: =SUM(N5,Q5,T5,W5) -> 0 | AA5: =SUM(O5,R5,U5,X5) -> 0 | AB5: =SUM(Z5:AA5) -> 0 | AC5: =(AB5+1)/(G5+1) -> 1
A6: 4 | L6: =SUM(H6:K6) -> 0 | M6: =SUM(H6:K6)/F6 -> #DIV/0! | P6: =SUM(N6:O6)/$G6 -> #DIV/0! | S6: =SUM(Q6:R6)/$G6 -> #DIV/0! | V6: =SUM(T6:U6)/$G6 -> #DIV/0! | Y6: =SUM(W6:X6)/$G6 -> #DIV/0! | Z6: =SUM(N6,Q6,T6,W6) -> 0 | AA6: =SUM(O6,R6,U6,X6) -> 0 | AB6: =SUM(Z6:AA6) -> 0 | AC6: =(AB6+1)/(G6+1) -> 1
A7: 5 | L7: =SUM(H7:K7) -> 0 | M7: =SUM(H7:K7)/F7 -> #DIV/0! | P7: =SUM(N7:O7)/$G7 -> #DIV/0! | S7: =SUM(Q7:R7)/$G7 -> #DIV/0! | V7: =SUM(T7:U7)/$G7 -> #DIV/0! | Y7: =SUM(W7:X7)/$G7 -> #DIV/0! | Z7: =SUM(N7,Q7,T7,W7) -> 0 | AA7: =SUM(O7,R7,U7,X7) -> 0 | AB7: =SUM(Z7:AA7) -> 0 | AC7: =(AB7+1)/(G7+1) -> 1
A8: 6 | L8: =SUM(H8:K8) -> 0 | M8: =SUM(H8:K8)/F8 -> #DIV/0! | P8: =SUM(N8:O8)/$G8 -> #DIV/0! | S8: =SUM(Q8:R8)/$G8 -> #DIV/0! | V8: =SUM(T8:U8)/$G8 -> #DIV/0! | Y8: =SUM(W8:X8)/$G8 -> #DIV/0! | Z8: =SUM(N8,Q8,T8,W8) -> 0 | AA8: =SUM(O8,R8,U8,X8) -> 0 | AB8: =SUM(Z8:AA8) -> 0 | AC8: =(AB8+1)/(G8+1) -> 1
A9: 7 | L9: =SUM(H9:K9) -> 0 | M9: =SUM(H9:K9)/F9 -> #DIV/0! | P9: =SUM(N9:O9)/$G9 -> #DIV/0! | S9: =SUM(Q9:R9)/$G9 -> #DIV/0! | V9: =SUM(T9:U9)/$G9 -> #DIV/0! | Y9: =SUM(W9:X9)/$G9 -> #DIV/0! | Z9: =SUM(N9,Q9,T9,W9) -> 0 | AA9: =SUM(O9,R9,U9,X9) -> 0 | AB9: =SUM(Z9:AA9) -> 0 | AC9: =(AB9+1)/(G9+1) -> 1
A10: 8 | L10: =SUM(H10:K10) -> 0 | M10: =SUM(H10:K10)/F10 -> #DIV/0! | P10: =SUM(N10:O10)/$G10 -> #DIV/0! | S10: =SUM(Q10:R10)/$G10 -> #DIV/0! | V10: =SUM(T10:U10)/$G10 -> #DIV/0! | Y10: =SUM(W10:X10)/$G10 -> #DIV/0! | Z10: =SUM(N10,Q10,T10,W10) -> 0 | AA10: =SUM(O10,R10,U10,X10) -> 0 | AB10: =SUM(Z10:AA10) -> 0 | AC10: =(AB10+1)/(G10+1) -> 1
A11: 9 | L11: =SUM(H11:K11) -> 0 | M11: =SUM(H11:K11)/F11 -> #DIV/0! | P11: =SUM(N11:O11)/$G11 -> #DIV/0! | S11: =SUM(Q11:R11)/$G11 -> #DIV/0! | V11: =SUM(T11:U11)/$G11 -> #DIV/0! | Y11: =SUM(W11:X11)/$G11 -> #DIV/0! | Z11: =SUM(N11,Q11,T11,W11) -> 0 | AA11: =SUM(O11,R11,U11,X11) -> 0 | AB11: =SUM(Z11:AA11) -> 0 | AC11: =(AB11+1)/(G11+1) -> 1
A12: 10 | L12: =SUM(H12:K12) -> 0 | M12: =SUM(H12:K12)/F12 -> #DIV/0! | P12: =SUM(N12:O12)/$G12 -> #DIV/0! | S12: =SUM(Q12:R12)/$G12 -> #DIV/0! | V12: =SUM(T12:U12)/$G12 -> #DIV/0! | Y12: =SUM(W12:X12)/$G12 -> #DIV/0! | Z12: =SUM(N12,Q12,T12,W12) -> 0 | AA12: =SUM(O12,R12,U12,X12) -> 0 | AB12: =SUM(Z12:AA12) -> 0 | AC12: =(AB12+1)/(G12+1) -> 1
E13: =SUM(E3:E12) -> 0 | F13: =SUM(F3:F12) -> 0 | G13: =SUM(G3:G12) -> 0 | H13: =SUM(H3:H12) -> 0 | I13: =SUM(I3:I12) -> 0 | J13: =SUM(J3:J12) -> 0 | K13: =SUM(K3:K12) -> 0 | L13: =SUM(L3:L12) -> 0 | M13: =SUM(H13:K13)/F13 -> #DIV/0! | N13: =SUM(N3:N12) -> 0 | O13: =SUM(O3:O12) -> 0 | P13: =N13/G13 -> #DIV/0! | Q13: =SUM(Q3:Q12) -> 0 | R13: =SUM(R3:R12) -> 0 | S13: =Q13/G13 -> #DIV/0! | T13: =SUM(T3:T12) -> 0 | U13: =SUM(U3:U12) -> 0 | V13: =T13/G13 -> #DIV/0! | W13: =SUM(W3:W12) -> 0 | X13: =SUM(X3:X12) -> 0 | Y13: =W13/G13 -> #DIV/0! | Z13: =SUM(Z3:Z12) -> 0 | AA13: =SUM(AA3:AA12) -> 0 | AB13: =SUM(AB3:AB12) -> 0
F15: In left and right tables enter data in green fields only, all other data is calculated
F16: Do not enter data into blue shaded cells
I18: Avg. Released | J18: Avg. Recaps | K18: Avg. Eff
I19: =ROUND(AVERAGE(G3:G12),0) -> #DIV/0! | J19: =ROUND(AVERAGE(AB3:AB12),0) -> 0 | K19: =(J19+1)/(I19+1) -> #DIV/0!
I20: Rounded season average

Sheet LCC with UCC Fish
A1: Upper Clear Creek releases captured by lower Clear Creek trap 2025-2026
A2: Trial | B2: Mark date | C2: Release date | D2: Days held | E2: Marked Chinook at upper Clear Creek | F2: Chinook released at upper Clear Creek | G2: Number caught day 1 | H2: Percent caught day 1 | I2: Number caught day 2 | J2: Percent caught day 2 | K2: Number caught day 3 | L2: Percent caught day 3 | M2: Number caught day 4 | N2: Percent caught day 4 | O2: Trap catch at lower trap with upper Clear Creek Chinook | P2: LCC with UCC Chinook efficiency | Q2: UCC with UCC Chinook efficiency
A3: 1 | B3: ='UCC CHN 25-26'!B3 -> 45982 | C3: ='UCC CHN 25-26'!C3 -> 45983 | D3: ='UCC CHN 25-26'!D3 -> 1 | E3: ='UCC CHN 25-26'!F3 -> 73 | F3: ='UCC CHN 25-26'!G3 -> 73 | G3: 4 | H3: =G3/F3 -> 0.054794521 | I3: 0 | J3: =I3/F3 -> 0 | K3: 0 | L3: =K3/F3 -> 0 | M3: 0 | N3: =M3/F3 -> 0 | O3: =SUM(G3,I3,K3,M3) -> 4 | P3: =(O3+1)/(F3+1) -> 0.067567568 | Q3: ='UCC CHN 25-26'!X3 -> 0.17567568
A4: 2 | B4: ='UCC CHN 25-26'!B4 -> 45989 | C4: ='UCC CHN 25-26'!C4 -> 45990 | D4: ='UCC CHN 25-26'!D4 -> 1 | E4: ='UCC CHN 25-26'!F4 -> 240 | F4: ='UCC CHN 25-26'!G4 -> 238 | G4: 1 | H4: =G4/F4 -> 0.0042016807 | I4: 3 | J4: =I4/F4 -> 0.012605042 | K4: 0 | L4: =K4/F4 -> 0 | M4: 0 | N4: =M4/F4 -> 0 | O4: =SUM(G4,I4,K4,M4) -> 4 | P4: =(O4+1)/(F4+1) -> 0.020920502 | Q4: ='UCC CHN 25-26'!X4 -> 0.26359833
A5: 3 | B5: ='UCC CHN 25-26'!B5 -> 45993 | C5: ='UCC CHN 25-26'!C5 -> 45994 | D5: ='UCC CHN 25-26'!D5 -> 1 | E5: ='UCC CHN 25-26'!F5 -> 335 | F5: ='UCC CHN 25-26'!G5 -> 335 | G5: 0 | H5: =G5/F5 -> 0 | I5: 3 | J5: =I5/F5 -> 0.0089552239 | K5: 1 | L5: =K5/F5 -> 0.0029850746 | M5: 0 | N5: =M5/F5 -> 0 | O5: =SUM(G5,I5,K5,M5) -> 4 | P5: =(O5+1)/(F5+1) -> 0.014880952 | Q5: ='UCC CHN 25-26'!X5 -> 0.24107143
A6: 4 | B6: ='UCC CHN 25-26'!B6 -> 45996 | C6: ='UCC CHN 25-26'!C6 -> 45997 | D6: ='UCC CHN 25-26'!D6 -> 1 | E6: ='UCC CHN 25-26'!F6 -> 501 | F6: ='UCC CHN 25-26'!G6 -> 497 | G6: 12 | H6: =G6/F6 -> 0.024144869 | I6: 3 | J6: =I6/F6 -> 0.0060362173 | K6: 3 | L6: =K6/F6 -> 0.0060362173 | M6: 0 | N6: =M6/F6 -> 0 | O6: =SUM(G6,I6,K6,M6) -> 18 | P6: =(O6+1)/(F6+1) -> 0.03815261 | Q6: ='UCC CHN 25-26'!X6 -> 0.34337349
A7: 5 | B7: ='UCC CHN 25-26'!B7 -> 46000 | C7: ='UCC CHN 25-26'!C7 -> 46001 | D7: ='UCC CHN 25-26'!D7 -> 1 | E7: ='UCC CHN 25-26'!F7 -> 448 | F7: ='UCC CHN 25-26'!G7 -> 447 | G7: 11 | H7: =G7/F7 -> 0.024608501 | I7: 8 | J7: =I7/F7 -> 0.017897092 | K7: 2 | L7: =K7/F7 -> 0.0044742729 | M7: 0 | N7: =M7/F7 -> 0 | O7: =SUM(G7,I7,K7,M7) -> 21 | P7: =(O7+1)/(F7+1) -> 0.049107143 | Q7: ='UCC CHN 25-26'!X7 -> 0.35044643
A8: 6 | B8: 46003 | C8: 46004 | D8: ='UCC CHN 25-26'!D8 -> 1 | E8: ='UCC CHN 25-26'!F8 -> 438 | F8: ='UCC CHN 25-26'!G8 -> 437 | G8: 11 | H8: =G8/F8 -> 0.025171625 | I8: 6 | J8: =I8/F8 -> 0.013729977 | K8: 1 | L8: =K8/F8 -> 0.0022883295 | M8: 0 | N8: =M8/F8 -> 0 | O8: =SUM(G8,I8,K8,M8) -> 18 | P8: =(O8+1)/(F8+1) -> 0.043378995 | Q8: ='UCC CHN 25-26'!X8 -> 0.28082192
A9: 7 | B9: ='UCC CHN 25-26'!B9 -> 46038 | C9: ='UCC CHN 25-26'!C9 -> 46039 | D9: ='UCC CHN 25-26'!D9 -> 1 | E9: ='UCC CHN 25-26'!F9 -> 504 | F9: ='UCC CHN 25-26'!G9 -> 503 | G9: 5 | H9: =G9/F9 -> 0.0099403579 | I9: 0 | J9: =I9/F9 -> 0 | K9: 0 | L9: =K9/F9 -> 0 | M9: 0 | N9: =M9/F9 -> 0 | O9: =SUM(G9,I9,K9,M9) -> 5 | P9: =(O9+1)/(F9+1) -> 0.011904762 | Q9: ='UCC CHN 25-26'!X9 -> 0.11309524
A10: 8 | B10: ='UCC CHN 25-26'!B10 -> 46042 | C10: ='UCC CHN 25-26'!C10 -> 46043 | D10: ='UCC CHN 25-26'!D10 -> 1 | E10: ='UCC CHN 25-26'!F10 -> 541 | F10: ='UCC CHN 25-26'!G10 -> 535 | G10: 3 | H10: =G10/F10 -> 0.0056074766 | I10: 0 | J10: =I10/F10 -> 0 | K10: 0 | L10: =K10/F10 -> 0 | M10: 0 | N10: =M10/F10 -> 0 | O10: =SUM(G10,I10,K10,M10) -> 3 | P10: =(O10+1)/(F10+1) -> 0.0074626866 | Q10: ='UCC CHN 25-26'!X10 -> 0.17723881
A11: 9 | B11: ='UCC CHN 25-26'!B11 -> 46045 | C11: ='UCC CHN 25-26'!C11 -> 46046 | D11: ='UCC CHN 25-26'!D11 -> 1 | E11: ='UCC CHN 25-26'!F11 -> 510 | F11: ='UCC CHN 25-26'!G11 -> 508 | G11: 0 | H11: =G11/F11 -> 0 | I11: 0 | J11: =I11/F11 -> 0 | K11: 0 | L11: =K11/F11 -> 0 | M11: 0 | N11: =M11/F11 -> 0 | O11: =SUM(G11,I11,K11,M11) -> 0 | P11: =(O11+1)/(F11+1) -> 0.0019646365 | Q11: ='UCC CHN 25-26'!X11 -> 0.18664047
A12: 10 | B12: ='UCC CHN 25-26'!B12 -> 46052 | C12: ='UCC CHN 25-26'!C12 -> 46053 | D12: ='UCC CHN 25-26'!D12 -> 1 | E12: ='UCC CHN 25-26'!F12 -> 477 | F12: ='UCC CHN 25-26'!G12 -> 476 | G12: 0 | H12: =G12/F12 -> 0 | I12: 0 | J12: =I12/F12 -> 0 | K12: 0 | L12: =K12/F12 -> 0 | M12: 0 | N12: =M12/F12 -> 0 | O12: =SUM(G12,I12,K12,M12) -> 0 | P12: =(O12+1)/(F12+1) -> 0.0020964361 | Q12: ='UCC CHN 25-26'!X12 -> 0.21802935
A13: 11 | B13: ='UCC CHN 25-26'!B13 -> 46056 | C13: ='UCC CHN 25-26'!C13 -> 46057 | D13: ='UCC CHN 25-26'!D13 -> 1 | E13: ='UCC CHN 25-26'!F13 -> 499 | F13: ='UCC CHN 25-26'!G13 -> 497 | G13: 4 | H13: =G13/F13 -> 0.0080482897 | I13: 3 | J13: =I13/F13 -> 0.0060362173 | K13: 0 | L13: =K13/F13 -> 0 | M13: 0 | N13: =M13/F13 -> 0 | O13: =SUM(G13,I13,K13,M13) -> 7 | P13: =(O13+1)/(F13+1) -> 0.016064257 | Q13: ='UCC CHN 25-26'!X13 -> 0.2188755
A14: 12 | B14: ='UCC CHN 25-26'!B14 -> 46059 | C14: ='UCC CHN 25-26'!C14 -> 46060 | D14: ='UCC CHN 25-26'!D14 -> 1 | E14: ='UCC CHN 25-26'!F14 -> 496 | F14: ='UCC CHN 25-26'!G14 -> 496 | G14: 0 | H14: =G14/F14 -> 0 | I14: 0 | J14: =I14/F14 -> 0 | K14: 0 | L14: =K14/F14 -> 0 | M14: 0 | N14: =M14/F14 -> 0 | O14: =SUM(G14,I14,K14,M14) -> 0 | P14: =(O14+1)/(F14+1) -> 0.0020120724 | Q14: ='UCC CHN 25-26'!X14 -> 0.14688129
A15: 13 | B15: ='UCC CHN 25-26'!B15 -> 0 | C15: ='UCC CHN 25-26'!C15 -> 0 | D15: ='UCC CHN 25-26'!D15 -> 0 | E15: ='UCC CHN 25-26'!F15 -> 0 | F15: ='UCC CHN 25-26'!G15 -> 0 | H15: =G15/F15 -> #DIV/0! | J15: =I15/F15 -> #DIV/0! | L15: =K15/F15 -> #DIV/0! | N15: =M15/F15 -> #DIV/0! | O15: =SUM(G15,I15,K15,M15) -> 0 | P15: =(O15+1)/(F15+1) -> 1 | Q15: ='UCC CHN 25-26'!X15 -> 1
A16: 14 | B16: ='UCC CHN 25-26'!B16 -> 0 | C16: ='UCC CHN 25-26'!C16 -> 0 | D16: ='UCC CHN 25-26'!D16 -> 0 | E16: ='UCC CHN 25-26'!F16 -> 0 | F16: ='UCC CHN 25-26'!G16 -> 0 | H16: =G16/F16 -> #DIV/0! | J16: =I16/F16 -> #DIV/0! | L16: =K16/F16 -> #DIV/0! | N16: =M16/F16 -> #DIV/0! | O16: =SUM(G16,I16,K16,M16) -> 0 | P16: =(O16+1)/(F16+1) -> 1 | Q16: ='UCC CHN 25-26'!X16 -> 1
A17: 15 | B17: ='UCC CHN 25-26'!B17 -> 0 | C17: ='UCC CHN 25-26'!C17 -> 0 | D17: ='UCC CHN 25-26'!D17 -> 0 | E17: ='UCC CHN 25-26'!F17 -> 0 | F17: ='UCC CHN 25-26'!G17 -> 0 | H17: =G17/F17 -> #DIV/0! | J17: =I17/F17 -> #DIV/0! | L17: =K17/F17 -> #DIV/0! | N17: =M17/F17 -> #DIV/0! | O17: =SUM(G17,I17,K17,M17) -> 0 | P17: =(O17+1)/(F17+1) -> 1 | Q17: ='UCC CHN 25-26'!X17 -> 1
A18: 16 | B18: ='UCC CHN 25-26'!B18 -> 0 | C18: ='UCC CHN 25-26'!C18 -> 0 | D18: ='UCC CHN 25-26'!D18 -> 0 | E18: ='UCC CHN 25-26'!F18 -> 0 | F18: ='UCC CHN 25-26'!G18 -> 0 | H18: =G18/F18 -> #DIV/0! | J18: =I18/F18 -> #DIV/0! | L18: =K18/F18 -> #DIV/0! | N18: =M18/F18 -> #DIV/0! | O18: =SUM(G18,I18,K18,M18) -> 0 | P18: =(O18+1)/(F18+1) -> 1 | Q18: ='UCC CHN 25-26'!X18 -> 1
A19: 17 | B19: ='UCC CHN 25-26'!B19 -> 0 | C19: ='UCC CHN 25-26'!C19 -> 0 | D19: ='UCC CHN 25-26'!D19 -> 0 | E19: ='UCC CHN 25-26'!F19 -> 0 | F19: ='UCC CHN 25-26'!G19 -> 0 | H19: =G19/F19 -> #DIV/0! | J19: =I19/F19 -> #DIV/0! | L19: =K19/F19 -> #DIV/0! | N19: =M19/F19 -> #DIV/0! | O19: =SUM(G19,I19,K19,M19) -> 0 | P19: =(O19+1)/(F19+1) -> 1 | Q19: ='UCC CHN 25-26'!X19 -> 1
A20: 18 | B20: ='UCC CHN 25-26'!B20 -> 0 | C20: ='UCC CHN 25-26'!C20 -> 0 | D20: ='UCC CHN 25-26'!D20 -> 0 | E20: ='UCC CHN 25-26'!F20 -> 0 | F20: ='UCC CHN 25-26'!G20 -> 0 | H20: =G20/F20 -> #DIV/0! | J20: =I20/F20 -> #DIV/0! | L20: =K20/F20 -> #DIV/0! | N20: =M20/F20 -> #DIV/0! | O20: =SUM(G20,I20,K20,M20) -> 0 | P20: =(O20+1)/(F20+1) -> 1 | Q20: ='UCC CHN 25-26'!X20 -> 1
A21: 19 | B21: ='UCC CHN 25-26'!B21 -> 0 | C21: ='UCC CHN 25-26'!C21 -> 0 | D21: ='UCC CHN 25-26'!D21 -> 0 | E21: ='UCC CHN 25-26'!F21 -> 0 | F21: ='UCC CHN 25-26'!G21 -> 0 | H21: =G21/F21 -> #DIV/0! | J21: =I21/F21 -> #DIV/0! | L21: =K21/F21 -> #DIV/0! | N21: =M21/F21 -> #DIV/0! | O21: =SUM(G21,I21,K21,M21) -> 0 | P21: =(O21+1)/(F21+1) -> 1 | Q21: ='UCC CHN 25-26'!X21 -> 1
A22: 20 | B22: ='UCC CHN 25-26'!B22 -> 0 | C22: ='UCC CHN 25-26'!C22 -> 0 | D22: ='UCC CHN 25-26'!D22 -> 0 | E22: ='UCC CHN 25-26'!F22 -> 0 | F22: ='UCC CHN 25-26'!G22 -> 0 | H22: =G22/F22 -> #DIV/0! | J22: =I22/F22 -> #DIV/0! | L22: =K22/F22 -> #DIV/0! | N22: =M22/F22 -> #DIV/0! | O22: =SUM(G22,I22,K22,M22) -> 0 | P22: =(O22+1)/(F22+1) -> 1 | Q22: ='UCC CHN 25-26'!X22 -> 1 | T22: LCC with UCC Chinook Salmon efficiency
T23: UCC with UCC Chinook Salmon efficiency

Sheet LCC Tables & Figures 
A1: Lower Clear Creek 2025-2026 | W1: Date | X1: Season average | Y1: Number released | Z1: Mean daily flow | AB1: Date | AC1: Upper clip | AD1: Lower clip | AE1: No clip | AF1: Trial efficiency
W2: 43111 | X2: 0.043383948 | AB2: 43112 | AE2: 0.036630037 | AF2: 0.036630037
W3: 43112 | X3: 0.043383948 | Y3: 272 | AB3: 43116 | AE3: 0.049019608 | AF3: 0.049019608
B4: Trial | C4: Release date | D4: Number held | E4: Mortality | F4: Percent mortality | G4: Number released | H4: Number recaptured | I4: Bailey's efficiency | J4: Run-Origin | W4: 43113 | X4: 0.043383948 | AB4: 43122 | AE4: 0.043564356 | AF4: 0.043564356
B5: 1 | C5: 43111 | D5: 43112 | E5: 272 | F5: 0 | G5: =F5/E5 -> 0 | H5: 9 | I5: 0.036630037 | W5: 43114 | X5: 0.043383948 | AB5: 43132 | AE5: 0.062626263 | AF5: 0.062626263
B6: 2 | C6: 43115 | D6: 43116 | E6: 509 | F6: 1 | G6: =F6/E6 -> 0.0019646365 | H6: 24 | I6: 0.049019608 | W6: 43115 | X6: 0.043383948 | AB6: 43138 | AE6: 0.024144869 | AF6: 0.024144869
B7: 3 | C7: 43122 | D7: 43122 | E7: 504 | F7: 1 | G7: =F7/E7 -> 0.001984127 | H7: 21 | I7: 0.043564356 | W7: 43116 | X7: 0.043383948 | Y7: 509 | AB7: 43145 | AE7: 0.054878049 | AF7: 0.054878049
B8: 4 | C8: 43131 | D8: 43132 | E8: 494 | F8: 1 | G8: =F8/E8 -> 0.0020242915 | H8: 30 | I8: 0.062626263 | W8: 43117 | X8: 0.043383948 | AB8: 43176 | AE8: 0.040948276 | AF8: 0.040948276
B9: 5 | C9: 43137 | D9: 43138 | E9: 496 | F9: 2 | G9: =F9/E9 -> 0.0040322581 | H9: 11 | I9: 0.024144869 | W9: 43118 | X9: 0.043383948
B10: 6 | C10: 43144 | D10: 43145 | E10: 491 | F10: 2 | G10: =F10/E10 -> 0.0040733198 | H10: 26 | I10: 0.054878049 | W10: 43119 | X10: 0.043383948
B11: 7 | C11: 43175 | D11: 43176 | E11: 463 | F11: 11 | G11: =F11/E11 -> 0.023758099 | H11: 18 | I11: 0.040948276 | W11: 43120 | X11: 0.043383948
D12: Total | E12: =SUM(E5:E11) -> 3229 | F12: =SUM(F5:F11) -> 18 | G12: =F12/E12 -> 0.0055744813 | H12: =SUM(H5:H11) -> 139 | W12: 43121 | X12: 0.043383948
W13: 43122 | X13: 0.043383948 | Y13: 504
W14: 43123 | X14: 0.043383948
W15: 43124 | X15: 0.043383948
W16: 43125 | X16: 0.043383948
W17: 43126 | X17: 0.043383948
B18: Dates | C18: Week | D18: Released | E18: Recaptured | F18: Bailey's efficiency | G18: Run-Origin | H18: Juvenile passage index | W18: 43127 | X18: 0.043383948
B19: 01-Jan-18 to 07-Jan-18 | C19: 1 | D19: 461 | E19: 20 | F19: 0.045454545 | G19: FCS-LCC | H19: RBT | W19: 43128 | X19: 0.043383948
B20: 08-Jan-18 to 14-Jan-18 | C20: 2 | D20: 272 | E20: 9 | F20: 0.0366 | G20: FCS-LCC | H20: RBT | W20: 43129 | X20: 0.043383948
B21: 15-Jan-18 to 21-Jan-18 | C21: 3 | D21: 509 | E21: 24 | F21: 0.049 | G21: FCS-LCC | H21: RBT | W21: 43130 | X21: 0.043383948
B22: 22-Jan-18 to 28-Jan-18 | C22: 4 | D22: 504 | E22: 21 | F22: 0.0436 | G22: FCS-LCC | H22: RBT | W22: 43131 | X22: 0.043383948
B23: 29-Jan-18 to 04-Feb-18 | C23: 5 | D23: 494 | E23: 30 | F23: 0.0626 | G23: FCS-LCC | H23: RBT | W23: 43132 | X23: 0.043383948 | Y23: 494
B24: 05-Feb-18 to 11-Feb-18 | C24: 6 | D24: 496 | E24: 11 | F24: 0.0241 | G24: FCS-LCC | H24: RBT | W24: 43133 | X24: 0.043383948
B25: 12-Feb-18 to 18-Feb-18 | C25: 7 | D25: 491 | E25: 26 | F25: 0.0549 | G25: FCS-LCC | H25: RBT | W25: 43134 | X25: 0.043383948
B26: 19-Feb-18 to 11-Mar-18 | C26: 4-10 | D26: 461 | E26: 20 | F26: 0.045454545 | G26: FCS-LCC | H26: RBT | W26: 43135 | X26: 0.043383948
B27: 12-Mar-18 to 18-Mar-18 | C27: 11 | D27: 463 | E27: 18 | F27: 0.0409 | G27: FCS-LCC | H27: RBT | W27: 43136 | X27: 0.043383948
B28: 19-Mar-18 to 30-Jun-18 | C28: 12-26 | D28: 461 | E28: 20 | F28: 0.045454545 | G28: FCS-LCC | H28: RBT, LFCS | W28: 43137 | X28: 0.043383948
K29: Lower Clear Creek | W29: 43138 | X29: 0.043383948 | Y29: 496
W30: 43139 | X30: 0.043383948
W31: 43140 | X31: 0.043383948
W32: 43141 | X32: 0.043383948
W33: 43142 | X33: 0.043383948
W34: 43143 | X34: 0.043383948
W35: 43144 | X35: 0.043383948
W36: 43145 | X36: 0.043383948 | Y36: 491
W37: 43146 | X37: 0.043383948
W38: 43147 | X38: 0.043383948
W39: 43148 | X39: 0.043383948
W40: 43149 | X40: 0.043383948
W41: 43150 | X41: 0.043383948
W42: 43151 | X42: 0.043383948
W43: 43152 | X43: 0.043383948
W44: 43153 | X44: 0.043383948
W45: 43154 | X45: 0.043383948
W46: 43155 | X46: 0.043383948
W47: 43156 | X47: 0.043383948
W48: 43157 | X48: 0.043383948
... W66: 43175 | X66: 0.043383948
W67: 43176 | X67: 0.043383948 | Y67: 463
W68: 43177 | X68: 0.043383948
W69: 43178 | X69: 0.043383948
W70: 43179 | X70: 0.043383948
W71: 43180 | X71: 0.043383948
W72: 43181 | X72: 0.043383948
W73: 43182 | X73: 0.043383948

Sheet UCC Tables & Figures 
A1: Upper Clear Creek 2025-2026 | W1: Date | X1: Season average | Y1: Number released | Z1: Mean daily flow | AB1: Date | AC1: Upper clip | AD1: Lower clip | AE1: No clip | AF1: Trial efficiency
W2: 43076 | X2: 0.1 | Y2: 130 | Z2: 212 | AB2: 43076 | AE2: 0.12977099 | AF2: 0.12977099
W3: 43077 | X3: 0.1 | Z3: 213 | AB3: 43081 | AE3: 0.083333333 | AF3: 0.083333333
B4: Trial | C4: Release date | D4: Number held | E4: Mortality | F4: Percent mortality | G4: Number released | H4: Number recaptured | I4: Bailey's efficiency | J4: Run-Origin | W4: 43078 | X4: 0.1 | Z4: 212 | AB4: 43084 | AE4: 0.095588235 | AF4: 0.095588235
B5: 1 | C5: 43075 | D5: 43076 | E5: 130 | F5: 0 | G5: =F5/E5 -> 0 | H5: 16 | I5: 0.12977099 | W5: 43079 | X5: 0.1 | Z5: 212 | AB5: 43088 | AE5: 0.1092437 | AF5: 0.1092437
B6: 2 | C6: 43080 | D6: 43081 | E6: 179 | F6: 0 | G6: =F6/E6 -> 0 | H6: 14 | I6: 0.083333333 | W6: 43080 | X6: 0.1 | Z6: 212
B7: 3 | C7: 43083 | D7: 43084 | E7: 135 | F7: 2 | G7: =F7/E7 -> 0.014814815 | H7: 12 | I7: 0.095588235 | W7: 43081 | X7: 0.1 | Y7: 179 | Z7: 212
B8: 4 | C8: 43087 | D8: 43088 | E8: 237 | F8: 0 | G8: =F8/E8 -> 0 | H8: 25 | I8: 0.1092437 | W8: 43082 | X8: 0.1 | Z8: 212
D9: Total | E9: =SUM(E5:E8) -> 681 | F9: =SUM(F5:F8) -> 2 | G9: =F9/E9 -> 0.0029368576 | H9: =SUM(H5:H8) -> 67 | W9: 43083 | X9: 0.1 | Z9: 212
W10: 43084 | X10: 0.1 | Y10: 135 | Z10: 213
W11: 43085 | X11: 0.1 | Z11: 213
W12: 43086 | X12: 0.1 | Z12: 212
W13: 43087 | X13: 0.1 | Z13: 213
W14: 43088 | X14: 0.1 | Y14: 237 | Z14: 212
B15: Dates | C15: Week | D15: Released | E15: Recaptured | F15: Bailey's efficiency | G15: Run-Origin | H15: Juvenile passage index | W15: 43089 | X15: 0.1 | Z15: 213
B16: 01-Jan-18 to 30-Jun-18 | C16: 1-26 | D16: 170 | E16: 17 | F16: 0.10526316 | H16: RBT, LFCS | W16: 43090 | X16: 0.1 | Z16: 213
W17: 43091 | X17: 0.1 | Z17: 213
W18: 43092 | X18: 0.1 | Z18: 213
W19: 43093 | X19: 0.1 | Z19: 213
W20: 43094 | X20: 0.1 | Z20: 213
W21: 43095 | X21: 0.1 | Z21: 212
B23: UCC spring-run Chinook Salmon used.
K29: Upper Clear Creek
